[{"pk": 1, "model": "contenttypes.contenttype", "fields": {"model": "permission", "name": "permission", "app_label": "auth"}}, {"pk": 2, "model": "contenttypes.contenttype", "fields": {"model": "group", "name": "group", "app_label": "auth"}}, {"pk": 3, "model": "contenttypes.contenttype", "fields": {"model": "user", "name": "user", "app_label": "auth"}}, {"pk": 4, "model": "contenttypes.contenttype", "fields": {"model": "contenttype", "name": "content type", "app_label": "contenttypes"}}, {"pk": 5, "model": "contenttypes.contenttype", "fields": {"model": "session", "name": "session", "app_label": "sessions"}}, {"pk": 6, "model": "contenttypes.contenttype", "fields": {"model": "site", "name": "site", "app_label": "sites"}}, {"pk": 7, "model": "contenttypes.contenttype", "fields": {"model": "usersocialauth", "name": "user social auth", "app_label": "default"}}, {"pk": 8, "model": "contenttypes.contenttype", "fields": {"model": "nonce", "name": "nonce", "app_label": "default"}}, {"pk": 9, "model": "contenttypes.contenttype", "fields": {"model": "association", "name": "association", "app_label": "default"}}, {"pk": 10, "model": "contenttypes.contenttype", "fields": {"model": "code", "name": "code", "app_label": "default"}}, {"pk": 11, "model": "contenttypes.contenttype", "fields": {"model": "migrationhistory", "name": "migration history", "app_label": "south"}}, {"pk": 12, "model": "contenttypes.contenttype", "fields": {"model": "humangroup", "name": "human group", "app_label": "humans"}}, {"pk": 13, "model": "contenttypes.contenttype", "fields": {"model": "handletype", "name": "handle type", "app_label": "humans"}}, {"pk": 14, "model": "contenttypes.contenttype", "fields": {"model": "handle", "name": "handle", "app_label": "humans"}}, {"pk": 15, "model": "contenttypes.contenttype", "fields": {"model": "human", "name": "human", "app_label": "humans"}}, {"pk": 16, "model": "contenttypes.contenttype", "fields": {"model": "snippet", "name": "snippet", "app_label": "humans"}}, {"pk": 17, "model": "contenttypes.contenttype", "fields": {"model": "hitcount", "name": "Hit Count", "app_label": "hitcount"}}, {"pk": 18, "model": "contenttypes.contenttype", "fields": {"model": "hit", "name": "hit", "app_label": "hitcount"}}, {"pk": 19, "model": "contenttypes.contenttype", "fields": {"model": "blacklistip", "name": "Blacklisted IP", "app_label": "hitcount"}}, {"pk": 20, "model": "contenttypes.contenttype", "fields": {"model": "blacklistuseragent", "name": "Blacklisted User Agent", "app_label": "hitcount"}}, {"pk": 21, "model": "contenttypes.contenttype", "fields": {"model": "cronjoblog", "name": "cron job log", "app_label": "django_cron"}}, {"pk": 22, "model": "contenttypes.contenttype", "fields": {"model": "taskmeta", "name": "task state", "app_label": "djcelery"}}, {"pk": 23, "model": "contenttypes.contenttype", "fields": {"model": "tasksetmeta", "name": "saved group result", "app_label": "djcelery"}}, {"pk": 24, "model": "contenttypes.contenttype", "fields": {"model": "intervalschedule", "name": "interval", "app_label": "djcelery"}}, {"pk": 25, "model": "contenttypes.contenttype", "fields": {"model": "crontabschedule", "name": "crontab", "app_label": "djcelery"}}, {"pk": 26, "model": "contenttypes.contenttype", "fields": {"model": "periodictasks", "name": "periodic tasks", "app_label": "djcelery"}}, {"pk": 27, "model": "contenttypes.contenttype", "fields": {"model": "periodictask", "name": "periodic task", "app_label": "djcelery"}}, {"pk": 28, "model": "contenttypes.contenttype", "fields": {"model": "workerstate", "name": "worker", "app_label": "djcelery"}}, {"pk": 29, "model": "contenttypes.contenttype", "fields": {"model": "taskstate", "name": "task", "app_label": "djcelery"}}, {"pk": 30, "model": "contenttypes.contenttype", "fields": {"model": "history", "name": "history", "app_label": "gitlab_logging"}}, {"pk": 31, "model": "contenttypes.contenttype", "fields": {"model": "ids", "name": "ids", "app_label": "_index"}}, {"pk": 32, "model": "contenttypes.contenttype", "fields": {"model": "profile", "name": "profile", "app_label": "account"}}, {"pk": 33, "model": "contenttypes.contenttype", "fields": {"model": "settings", "name": "settings", "app_label": "account"}}, {"pk": 34, "model": "contenttypes.contenttype", "fields": {"model": "register", "name": "register", "app_label": "account"}}, {"pk": 35, "model": "contenttypes.contenttype", "fields": {"model": "recover", "name": "recover", "app_label": "account"}}, {"pk": 36, "model": "contenttypes.contenttype", "fields": {"model": "confirm", "name": "confirm", "app_label": "account"}}, {"pk": 37, "model": "contenttypes.contenttype", "fields": {"model": "binding", "name": "binding", "app_label": "avatar"}}, {"pk": 38, "model": "contenttypes.contenttype", "fields": {"model": "item", "name": "item", "app_label": "book"}}, {"pk": 39, "model": "contenttypes.contenttype", "fields": {"model": "person", "name": "person", "app_label": "book"}}, {"pk": 40, "model": "contenttypes.contenttype", "fields": {"model": "house", "name": "house", "app_label": "book"}}, {"pk": 41, "model": "contenttypes.contenttype", "fields": {"model": "author", "name": "author", "app_label": "book"}}, {"pk": 42, "model": "contenttypes.contenttype", "fields": {"model": "publisher", "name": "publisher", "app_label": "book"}}, {"pk": 43, "model": "contenttypes.contenttype", "fields": {"model": "url", "name": "url", "app_label": "book"}}, {"pk": 44, "model": "contenttypes.contenttype", "fields": {"model": "tag", "name": "tag", "app_label": "book"}}, {"pk": 45, "model": "contenttypes.contenttype", "fields": {"model": "active", "name": "active", "app_label": "comment"}}, {"pk": 46, "model": "contenttypes.contenttype", "fields": {"model": "pool", "name": "pool", "app_label": "comment"}}, {"pk": 47, "model": "contenttypes.contenttype", "fields": {"model": "flag", "name": "flag", "app_label": "comment"}}, {"pk": 48, "model": "contenttypes.contenttype", "fields": {"model": "comment", "name": "comment", "app_label": "notification"}}, {"pk": 49, "model": "contenttypes.contenttype", "fields": {"model": "spot", "name": "spot", "app_label": "notification"}}, {"pk": 50, "model": "contenttypes.contenttype", "fields": {"model": "waaave", "name": "waaave", "app_label": "notification"}}, {"pk": 51, "model": "contenttypes.contenttype", "fields": {"model": "follow", "name": "follow", "app_label": "notification"}}, {"pk": 52, "model": "contenttypes.contenttype", "fields": {"model": "followadd", "name": "follow add", "app_label": "notification"}}, {"pk": 53, "model": "contenttypes.contenttype", "fields": {"model": "record", "name": "record", "app_label": "rank"}}, {"pk": 54, "model": "contenttypes.contenttype", "fields": {"model": "record", "name": "record", "app_label": "relevance"}}, {"pk": 55, "model": "contenttypes.contenttype", "fields": {"model": "waaave", "name": "waaave", "app_label": "share"}}, {"pk": 56, "model": "contenttypes.contenttype", "fields": {"model": "follow", "name": "follow", "app_label": "share"}}, {"pk": 57, "model": "contenttypes.contenttype", "fields": {"model": "membership", "name": "membership", "app_label": "spot"}}, {"pk": 58, "model": "contenttypes.contenttype", "fields": {"model": "list", "name": "list", "app_label": "tag"}}, {"pk": 59, "model": "contenttypes.contenttype", "fields": {"model": "meta", "name": "meta", "app_label": "tutorial"}}, {"pk": 60, "model": "contenttypes.contenttype", "fields": {"model": "author", "name": "author", "app_label": "tutorial"}}, {"pk": 61, "model": "contenttypes.contenttype", "fields": {"model": "content", "name": "content", "app_label": "tutorial"}}, {"pk": 62, "model": "contenttypes.contenttype", "fields": {"model": "url", "name": "url", "app_label": "tutorial"}}, {"pk": 63, "model": "contenttypes.contenttype", "fields": {"model": "tag", "name": "tag", "app_label": "tutorial"}}, {"pk": 64, "model": "contenttypes.contenttype", "fields": {"model": "upload", "name": "upload", "app_label": "upload"}}, {"pk": 1, "model": "sites.site", "fields": {"domain": "waaave.com.dev", "name": "waaave_development"}}, {"pk": 1, "model": "south.migrationhistory", "fields": {"applied": "2014-01-05T07:05:19", "app_name": "django_cron", "migration": "0001_initial"}}, {"pk": 2, "model": "south.migrationhistory", "fields": {"applied": "2014-01-05T07:05:19", "app_name": "django_cron", "migration": "0002_auto__add_field_cronjoblog_ran_at_time"}}, {"pk": 3, "model": "south.migrationhistory", "fields": {"applied": "2014-01-05T07:05:19", "app_name": "django_cron", "migration": "0003_auto__add_index_cronjoblog_end_time__add_index_cronjoblog_ran_at_time_"}}, {"pk": 4, "model": "south.migrationhistory", "fields": {"applied": "2014-01-05T07:05:19", "app_name": "djcelery", "migration": "0001_initial"}}, {"pk": 5, "model": "south.migrationhistory", "fields": {"applied": "2014-01-05T07:05:20", "app_name": "djcelery", "migration": "0002_v25_changes"}}, {"pk": 6, "model": "south.migrationhistory", "fields": {"applied": "2014-01-05T07:05:20", "app_name": "djcelery", "migration": "0003_v26_changes"}}, {"pk": 7, "model": "south.migrationhistory", "fields": {"applied": "2014-01-05T07:05:20", "app_name": "djcelery", "migration": "0004_v30_changes"}}, {"pk": 8, "model": "south.migrationhistory", "fields": {"applied": "2014-01-05T07:05:20", "app_name": "gitlab_logging", "migration": "0001_initial"}}, {"pk": 9, "model": "south.migrationhistory", "fields": {"applied": "2014-01-05T07:05:20", "app_name": "gitlab_logging", "migration": "0002_auto__add_field_history_iid"}}, {"pk": 10, "model": "south.migrationhistory", "fields": {"applied": "2014-01-05T07:05:20", "app_name": "gitlab_logging", "migration": "0003_auto__chg_field_history_checksum__add_unique_history_checksum__add_ind"}}, {"pk": 11, "model": "south.migrationhistory", "fields": {"applied": "2014-01-05T07:05:20", "app_name": "gitlab_logging", "migration": "0004_auto__del_field_history_iid__add_field_history_project_id__add_field_h"}}, {"pk": 12, "model": "south.migrationhistory", "fields": {"applied": "2014-01-05T07:05:20", "app_name": "_index", "migration": "0001_initial"}}, {"pk": 13, "model": "south.migrationhistory", "fields": {"applied": "2014-01-05T07:05:20", "app_name": "_index", "migration": "0002_auto__add_index_ids_item_id__add_index_ids_item_type"}}, {"pk": 14, "model": "south.migrationhistory", "fields": {"applied": "2014-01-05T07:05:21", "app_name": "account", "migration": "0001_initial"}}, {"pk": 15, "model": "south.migrationhistory", "fields": {"applied": "2014-01-05T07:05:21", "app_name": "account", "migration": "0002_auto__add_index_profile_city__add_index_profile_country__add_index_pro"}}, {"pk": 16, "model": "south.migrationhistory", "fields": {"applied": "2014-01-05T07:05:21", "app_name": "account", "migration": "0003_auto__chg_field_register_ip_update__chg_field_register_ip_start"}}, {"pk": 17, "model": "south.migrationhistory", "fields": {"applied": "2014-01-05T07:05:21", "app_name": "account", "migration": "0004_auto__del_field_profile_dribbble"}}, {"pk": 18, "model": "south.migrationhistory", "fields": {"applied": "2014-01-05T07:05:21", "app_name": "account", "migration": "0005_auto__del_field_profile_github__del_field_profile_facebook__del_field_"}}, {"pk": 19, "model": "south.migrationhistory", "fields": {"applied": "2014-01-05T07:05:21", "app_name": "account", "migration": "0006_auto__add_field_settings_email_spot__add_field_settings_notif_spot"}}, {"pk": 20, "model": "south.migrationhistory", "fields": {"applied": "2014-01-05T07:05:21", "app_name": "account", "migration": "0007_auto__del_field_settings_email_spot"}}, {"pk": 21, "model": "south.migrationhistory", "fields": {"applied": "2014-01-05T07:05:21", "app_name": "activity", "migration": "0001_initial"}}, {"pk": 22, "model": "south.migrationhistory", "fields": {"applied": "2014-01-05T07:05:21", "app_name": "applications", "migration": "0001_initial"}}, {"pk": 23, "model": "south.migrationhistory", "fields": {"applied": "2014-01-05T07:05:21", "app_name": "avatar", "migration": "0001_initial"}}, {"pk": 24, "model": "south.migrationhistory", "fields": {"applied": "2014-01-05T07:05:21", "app_name": "avatar", "migration": "0002_auto__add_binding"}}, {"pk": 25, "model": "south.migrationhistory", "fields": {"applied": "2014-01-05T07:05:21", "app_name": "avatar", "migration": "0003_auto__add_field_binding_source"}}, {"pk": 26, "model": "south.migrationhistory", "fields": {"applied": "2014-01-05T07:05:22", "app_name": "avatar", "migration": "0004_auto__chg_field_binding_user"}}, {"pk": 27, "model": "south.migrationhistory", "fields": {"applied": "2014-01-05T07:05:22", "app_name": "avatar", "migration": "0005_auto__chg_field_binding_source"}}, {"pk": 28, "model": "south.migrationhistory", "fields": {"applied": "2014-01-05T07:05:22", "app_name": "blog", "migration": "0001_initial"}}, {"pk": 29, "model": "south.migrationhistory", "fields": {"applied": "2014-01-05T07:05:22", "app_name": "book", "migration": "0001_initial"}}, {"pk": 30, "model": "south.migrationhistory", "fields": {"applied": "2014-01-05T07:05:22", "app_name": "book", "migration": "0002_auto__add_author__add_publisher__add_relevance__add_item__add_url__add"}}, {"pk": 31, "model": "south.migrationhistory", "fields": {"applied": "2014-01-05T07:05:22", "app_name": "book", "migration": "0003_auto__chg_field_author_book__add_unique_author_book__chg_field_author_"}}, {"pk": 32, "model": "south.migrationhistory", "fields": {"applied": "2014-01-05T07:05:22", "app_name": "book", "migration": "0004_auto__chg_field_item_date_release"}}, {"pk": 33, "model": "south.migrationhistory", "fields": {"applied": "2014-01-05T07:05:22", "app_name": "book", "migration": "0005_auto__add_index_item_title"}}, {"pk": 34, "model": "south.migrationhistory", "fields": {"applied": "2014-01-05T07:05:23", "app_name": "book", "migration": "0006_auto__del_field_item_amazon_url__add_field_item_amazon_id"}}, {"pk": 35, "model": "south.migrationhistory", "fields": {"applied": "2014-01-05T07:05:23", "app_name": "book", "migration": "0007_auto__del_relevance"}}, {"pk": 36, "model": "south.migrationhistory", "fields": {"applied": "2014-01-05T07:05:23", "app_name": "book", "migration": "0008_auto__add_field_item_cover_original__add_field_item_cover_small__add_f"}}, {"pk": 37, "model": "south.migrationhistory", "fields": {"applied": "2014-01-05T07:05:23", "app_name": "book", "migration": "0009_auto__add_field_item_cover_medium"}}, {"pk": 38, "model": "south.migrationhistory", "fields": {"applied": "2014-01-05T07:05:23", "app_name": "book", "migration": "0010_auto__chg_field_item_language"}}, {"pk": 39, "model": "south.migrationhistory", "fields": {"applied": "2014-01-05T07:05:23", "app_name": "book", "migration": "0011_auto__add_house__del_field_publisher_website__del_field_publisher_name"}}, {"pk": 40, "model": "south.migrationhistory", "fields": {"applied": "2014-01-05T07:05:23", "app_name": "book", "migration": "0012_auto__del_field_author_date_add__add_field_author_date__del_field_publ"}}, {"pk": 41, "model": "south.migrationhistory", "fields": {"applied": "2014-01-05T07:05:24", "app_name": "comment", "migration": "0001_initial"}}, {"pk": 42, "model": "south.migrationhistory", "fields": {"applied": "2014-01-05T07:05:24", "app_name": "comment", "migration": "0002_auto__chg_field_active_subreply__chg_field_active_reply"}}, {"pk": 43, "model": "south.migrationhistory", "fields": {"applied": "2014-01-05T07:05:24", "app_name": "comment", "migration": "0003_auto__del_field_active_hidden__add_field_active_is_hidden"}}, {"pk": 44, "model": "south.migrationhistory", "fields": {"applied": "2014-01-05T07:05:24", "app_name": "comment", "migration": "0004_auto__del_field_active_subreply__del_field_active_reply__add_field_act"}}, {"pk": 45, "model": "south.migrationhistory", "fields": {"applied": "2014-01-05T07:05:24", "app_name": "comment", "migration": "0005_auto__add_field_pool_in_reply_to"}}, {"pk": 46, "model": "south.migrationhistory", "fields": {"applied": "2014-01-05T07:05:24", "app_name": "comment", "migration": "0006_auto__chg_field_pool_in_reply_to"}}, {"pk": 47, "model": "south.migrationhistory", "fields": {"applied": "2014-01-05T07:05:24", "app_name": "comment", "migration": "0007_auto__add_index_active_is_hidden__add_index_relevance_is_relevant"}}, {"pk": 48, "model": "south.migrationhistory", "fields": {"applied": "2014-01-05T07:05:24", "app_name": "company", "migration": "0001_initial"}}, {"pk": 49, "model": "south.migrationhistory", "fields": {"applied": "2014-01-05T07:05:24", "app_name": "dashboard", "migration": "0001_initial"}}, {"pk": 50, "model": "south.migrationhistory", "fields": {"applied": "2014-01-05T07:05:25", "app_name": "explore", "migration": "0001_initial"}}, {"pk": 51, "model": "south.migrationhistory", "fields": {"applied": "2014-01-05T07:05:25", "app_name": "feedback", "migration": "0001_initial"}}, {"pk": 52, "model": "south.migrationhistory", "fields": {"applied": "2014-01-05T07:05:25", "app_name": "home", "migration": "0001_initial"}}, {"pk": 53, "model": "south.migrationhistory", "fields": {"applied": "2014-01-05T07:05:25", "app_name": "moderation", "migration": "0001_initial"}}, {"pk": 54, "model": "south.migrationhistory", "fields": {"applied": "2014-01-05T07:05:25", "app_name": "newsletter", "migration": "0001_initial"}}, {"pk": 55, "model": "south.migrationhistory", "fields": {"applied": "2014-01-05T07:05:25", "app_name": "notification", "migration": "0001_initial"}}, {"pk": 56, "model": "south.migrationhistory", "fields": {"applied": "2014-01-05T07:05:25", "app_name": "notification", "migration": "0002_auto__add_index_comment_is_active__add_index_comment_is_new__add_index"}}, {"pk": 57, "model": "south.migrationhistory", "fields": {"applied": "2014-01-05T07:05:26", "app_name": "notification", "migration": "0003_auto__add_spot"}}, {"pk": 58, "model": "south.migrationhistory", "fields": {"applied": "2014-01-05T07:05:26", "app_name": "pro", "migration": "0001_initial"}}, {"pk": 59, "model": "south.migrationhistory", "fields": {"applied": "2014-01-05T07:05:26", "app_name": "rank", "migration": "0001_initial"}}, {"pk": 60, "model": "south.migrationhistory", "fields": {"applied": "2014-01-05T07:05:26", "app_name": "rank", "migration": "0002_auto__del_field_record_entity__add_field_record_entity_id"}}, {"pk": 61, "model": "south.migrationhistory", "fields": {"applied": "2014-01-05T07:05:26", "app_name": "rank", "migration": "0003_auto__add_index_record_entity_id__add_index_record_entity_type"}}, {"pk": 62, "model": "south.migrationhistory", "fields": {"applied": "2014-01-05T07:05:26", "app_name": "rank", "migration": "0004_auto__chg_field_record_sender"}}, {"pk": 63, "model": "south.migrationhistory", "fields": {"applied": "2014-01-05T07:05:26", "app_name": "relevance", "migration": "0001_initial"}}, {"pk": 64, "model": "south.migrationhistory", "fields": {"applied": "2014-01-05T07:05:26", "app_name": "relevance", "migration": "0002_auto__add_record"}}, {"pk": 65, "model": "south.migrationhistory", "fields": {"applied": "2014-01-05T07:05:26", "app_name": "relevance", "migration": "0003_auto__del_field_record_date_add__add_field_record_date"}}, {"pk": 66, "model": "south.migrationhistory", "fields": {"applied": "2014-01-05T07:05:27", "app_name": "search", "migration": "0001_initial"}}, {"pk": 67, "model": "south.migrationhistory", "fields": {"applied": "2014-01-05T07:05:27", "app_name": "services", "migration": "0001_initial"}}, {"pk": 68, "model": "south.migrationhistory", "fields": {"applied": "2014-01-05T07:05:27", "app_name": "share", "migration": "0001_initial"}}, {"pk": 69, "model": "south.migrationhistory", "fields": {"applied": "2014-01-05T07:05:27", "app_name": "share", "migration": "0002_auto__add_index_waaave_is_active__add_index_follow_is_active"}}, {"pk": 70, "model": "south.migrationhistory", "fields": {"applied": "2014-01-05T07:05:27", "app_name": "shot", "migration": "0001_initial"}}, {"pk": 71, "model": "south.migrationhistory", "fields": {"applied": "2014-01-05T07:05:27", "app_name": "spot", "migration": "0001_initial"}}, {"pk": 72, "model": "south.migrationhistory", "fields": {"applied": "2014-01-05T07:05:27", "app_name": "spot", "migration": "0002_auto__add_membership"}}, {"pk": 73, "model": "south.migrationhistory", "fields": {"applied": "2014-01-05T07:05:27", "app_name": "tag", "migration": "0001_initial"}}, {"pk": 74, "model": "south.migrationhistory", "fields": {"applied": "2014-01-05T07:05:28", "app_name": "tag", "migration": "0002_auto__add_index_list_slug__add_index_list_name"}}, {"pk": 75, "model": "south.migrationhistory", "fields": {"applied": "2014-01-05T07:05:28", "app_name": "tag", "migration": "0003_auto__add_field_list_picture_original__add_field_list_picture_small__a"}}, {"pk": 76, "model": "south.migrationhistory", "fields": {"applied": "2014-01-05T07:05:28", "app_name": "tag", "migration": "0004_auto__del_field_list_picture_medium__add_field_list_picture_normal"}}, {"pk": 77, "model": "south.migrationhistory", "fields": {"applied": "2014-01-05T07:05:28", "app_name": "tag", "migration": "0005_auto__add_field_list_color"}}, {"pk": 78, "model": "south.migrationhistory", "fields": {"applied": "2014-01-05T07:05:28", "app_name": "timeline", "migration": "0001_initial"}}, {"pk": 79, "model": "south.migrationhistory", "fields": {"applied": "2014-01-05T07:05:28", "app_name": "tutorial", "migration": "0001_initial"}}, {"pk": 80, "model": "south.migrationhistory", "fields": {"applied": "2014-01-05T07:05:28", "app_name": "tutorial", "migration": "0002_auto__del_authors__del_contents__add_author__add_content"}}, {"pk": 81, "model": "south.migrationhistory", "fields": {"applied": "2014-01-05T07:05:29", "app_name": "tutorial", "migration": "0003_auto__add_index_url_category__add_index_url_is_alias__add_index_url_sl"}}, {"pk": 82, "model": "south.migrationhistory", "fields": {"applied": "2014-01-05T07:05:29", "app_name": "tutorial", "migration": "0004_auto__add_field_meta_date_update"}}, {"pk": 83, "model": "south.migrationhistory", "fields": {"applied": "2014-01-05T07:05:29", "app_name": "tutorial", "migration": "0005_auto__del_field_meta_views"}}, {"pk": 84, "model": "south.migrationhistory", "fields": {"applied": "2014-01-05T07:05:29", "app_name": "tutorial", "migration": "0006_auto__del_field_url_category__add_field_url_tag__del_field_meta_catego"}}, {"pk": 85, "model": "south.migrationhistory", "fields": {"applied": "2014-01-05T07:05:29", "app_name": "tutorial", "migration": "0007_auto__del_field_relevance_date__add_field_relevance_date_update__add_f"}}, {"pk": 86, "model": "south.migrationhistory", "fields": {"applied": "2014-01-05T07:05:29", "app_name": "tutorial", "migration": "0008_auto__del_relevance"}}, {"pk": 87, "model": "south.migrationhistory", "fields": {"applied": "2014-01-05T07:05:29", "app_name": "tutorial", "migration": "0009_auto__del_field_tag_date_add__add_field_tag_date"}}, {"pk": 88, "model": "south.migrationhistory", "fields": {"applied": "2014-01-05T07:05:29", "app_name": "upload", "migration": "0001_initial"}}, {"pk": 89, "model": "south.migrationhistory", "fields": {"applied": "2014-01-05T07:05:30", "app_name": "user", "migration": "0001_initial"}}, {"pk": 90, "model": "south.migrationhistory", "fields": {"applied": "2014-01-05T07:23:38", "app_name": "tutorial", "migration": "0010_auto__del_category_tag"}}, {"pk": 91, "model": "south.migrationhistory", "fields": {"applied": "2014-01-05T07:31:07", "app_name": "avatar", "migration": "0006_auto__add_field_binding_url"}}, {"pk": 1, "model": "_index.ids", "fields": {"item_id": 3, "item_type": 1, "date": "2014-01-05T07:23:48"}}, {"pk": 2, "model": "_index.ids", "fields": {"item_id": 4, "item_type": 1, "date": "2014-01-05T07:24:46"}}, {"pk": 3, "model": "_index.ids", "fields": {"item_id": 5, "item_type": 1, "date": "2014-01-05T07:25:56"}}, {"pk": 4, "model": "_index.ids", "fields": {"item_id": 1, "item_type": 0, "date": "2014-01-05T07:54:17"}}, {"pk": 5, "model": "_index.ids", "fields": {"item_id": 2, "item_type": 0, "date": "2014-01-05T07:55:02"}}, {"pk": 6, "model": "_index.ids", "fields": {"item_id": 3, "item_type": 0, "date": "2014-01-05T07:55:56"}}, {"pk": 7, "model": "_index.ids", "fields": {"item_id": 4, "item_type": 0, "date": "2014-01-05T07:56:04"}}, {"pk": 8, "model": "_index.ids", "fields": {"item_id": 5, "item_type": 0, "date": "2014-01-05T07:56:52"}}, {"pk": 9, "model": "_index.ids", "fields": {"item_id": 6, "item_type": 0, "date": "2014-01-05T07:58:15"}}, {"pk": 10, "model": "_index.ids", "fields": {"item_id": 7, "item_type": 0, "date": "2014-01-05T07:59:49"}}, {"pk": 11, "model": "_index.ids", "fields": {"item_id": 8, "item_type": 0, "date": "2014-01-05T08:00:08"}}, {"pk": 12, "model": "_index.ids", "fields": {"item_id": 9, "item_type": 0, "date": "2014-01-05T08:00:17"}}, {"pk": 13, "model": "_index.ids", "fields": {"item_id": 10, "item_type": 0, "date": "2014-01-05T08:01:02"}}, {"pk": 14, "model": "_index.ids", "fields": {"item_id": 11, "item_type": 0, "date": "2014-01-05T08:01:35"}}, {"pk": 15, "model": "_index.ids", "fields": {"item_id": 12, "item_type": 0, "date": "2014-01-05T08:02:05"}}, {"pk": 16, "model": "_index.ids", "fields": {"item_id": 13, "item_type": 0, "date": "2014-01-05T08:02:41"}}, {"pk": 17, "model": "_index.ids", "fields": {"item_id": 14, "item_type": 0, "date": "2014-01-05T08:03:51"}}, {"pk": 3, "model": "tutorial.meta", "fields": {"status": 2, "date_update": "2014-01-05T07:27:23", "level": 1, "title": "Configure your Debian server to send mails", "shares": 0, "publish_date": "2014-01-05T07:23:48", "moderation_message": "", "is_online": true, "date": "2014-01-05T07:23:48"}}, {"pk": 4, "model": "tutorial.meta", "fields": {"status": 2, "date_update": "2014-01-05T07:28:38", "level": 0, "title": "Automatically open GitLab issues for Django errors", "shares": 0, "publish_date": "2014-01-05T07:24:46", "moderation_message": "", "is_online": true, "date": "2014-01-05T07:24:46"}}, {"pk": 5, "model": "tutorial.meta", "fields": {"status": 2, "date_update": "2014-01-05T07:28:53", "level": 0, "title": "Work with environments in Django", "shares": 0, "publish_date": "2014-01-05T07:25:56", "moderation_message": "", "is_online": true, "date": "2014-01-05T07:25:56"}}, {"pk": 1, "model": "tutorial.url", "fields": {"date": "2014-01-05T07:23:48", "tag": "server", "slug": "configure-your-debian-server-to-send-mails", "tutorial": 3, "is_alias": false}}, {"pk": 2, "model": "tutorial.url", "fields": {"date": "2014-01-05T07:24:46", "tag": "django", "slug": "automatically-open-gitlab-issues-for-django-errors", "tutorial": 4, "is_alias": false}}, {"pk": 3, "model": "tutorial.url", "fields": {"date": "2014-01-05T07:25:56", "tag": "django", "slug": "work-with-environments-in-django", "tutorial": 5, "is_alias": false}}, {"pk": 11, "model": "tutorial.tag", "fields": {"date": "2014-01-05T07:27:22", "date_update": "2014-01-05T07:27:22", "tag": 1, "tutorial": 3}}, {"pk": 12, "model": "tutorial.tag", "fields": {"date": "2014-01-05T07:27:22", "date_update": "2014-01-05T07:27:22", "tag": 2, "tutorial": 3}}, {"pk": 13, "model": "tutorial.tag", "fields": {"date": "2014-01-05T07:27:22", "date_update": "2014-01-05T07:27:22", "tag": 3, "tutorial": 3}}, {"pk": 19, "model": "tutorial.tag", "fields": {"date": "2014-01-05T07:28:38", "date_update": "2014-01-05T07:28:38", "tag": 4, "tutorial": 4}}, {"pk": 20, "model": "tutorial.tag", "fields": {"date": "2014-01-05T07:28:38", "date_update": "2014-01-05T07:28:38", "tag": 5, "tutorial": 4}}, {"pk": 21, "model": "tutorial.tag", "fields": {"date": "2014-01-05T07:28:38", "date_update": "2014-01-05T07:28:38", "tag": 6, "tutorial": 4}}, {"pk": 22, "model": "tutorial.tag", "fields": {"date": "2014-01-05T07:28:53", "date_update": "2014-01-05T07:28:53", "tag": 4, "tutorial": 5}}, {"pk": 23, "model": "tutorial.tag", "fields": {"date": "2014-01-05T07:28:53", "date_update": "2014-01-05T07:28:53", "tag": 6, "tutorial": 5}}, {"pk": 1, "model": "auth.permission", "fields": {"codename": "add_permission", "name": "Can add permission", "content_type": 1}}, {"pk": 2, "model": "auth.permission", "fields": {"codename": "change_permission", "name": "Can change permission", "content_type": 1}}, {"pk": 3, "model": "auth.permission", "fields": {"codename": "delete_permission", "name": "Can delete permission", "content_type": 1}}, {"pk": 4, "model": "auth.permission", "fields": {"codename": "add_group", "name": "Can add group", "content_type": 2}}, {"pk": 5, "model": "auth.permission", "fields": {"codename": "change_group", "name": "Can change group", "content_type": 2}}, {"pk": 6, "model": "auth.permission", "fields": {"codename": "delete_group", "name": "Can delete group", "content_type": 2}}, {"pk": 7, "model": "auth.permission", "fields": {"codename": "add_user", "name": "Can add user", "content_type": 3}}, {"pk": 8, "model": "auth.permission", "fields": {"codename": "change_user", "name": "Can change user", "content_type": 3}}, {"pk": 9, "model": "auth.permission", "fields": {"codename": "delete_user", "name": "Can delete user", "content_type": 3}}, {"pk": 10, "model": "auth.permission", "fields": {"codename": "add_contenttype", "name": "Can add content type", "content_type": 4}}, {"pk": 11, "model": "auth.permission", "fields": {"codename": "change_contenttype", "name": "Can change content type", "content_type": 4}}, {"pk": 12, "model": "auth.permission", "fields": {"codename": "delete_contenttype", "name": "Can delete content type", "content_type": 4}}, {"pk": 13, "model": "auth.permission", "fields": {"codename": "add_session", "name": "Can add session", "content_type": 5}}, {"pk": 14, "model": "auth.permission", "fields": {"codename": "change_session", "name": "Can change session", "content_type": 5}}, {"pk": 15, "model": "auth.permission", "fields": {"codename": "delete_session", "name": "Can delete session", "content_type": 5}}, {"pk": 16, "model": "auth.permission", "fields": {"codename": "add_site", "name": "Can add site", "content_type": 6}}, {"pk": 17, "model": "auth.permission", "fields": {"codename": "change_site", "name": "Can change site", "content_type": 6}}, {"pk": 18, "model": "auth.permission", "fields": {"codename": "delete_site", "name": "Can delete site", "content_type": 6}}, {"pk": 19, "model": "auth.permission", "fields": {"codename": "add_usersocialauth", "name": "Can add user social auth", "content_type": 7}}, {"pk": 20, "model": "auth.permission", "fields": {"codename": "change_usersocialauth", "name": "Can change user social auth", "content_type": 7}}, {"pk": 21, "model": "auth.permission", "fields": {"codename": "delete_usersocialauth", "name": "Can delete user social auth", "content_type": 7}}, {"pk": 22, "model": "auth.permission", "fields": {"codename": "add_nonce", "name": "Can add nonce", "content_type": 8}}, {"pk": 23, "model": "auth.permission", "fields": {"codename": "change_nonce", "name": "Can change nonce", "content_type": 8}}, {"pk": 24, "model": "auth.permission", "fields": {"codename": "delete_nonce", "name": "Can delete nonce", "content_type": 8}}, {"pk": 25, "model": "auth.permission", "fields": {"codename": "add_association", "name": "Can add association", "content_type": 9}}, {"pk": 26, "model": "auth.permission", "fields": {"codename": "change_association", "name": "Can change association", "content_type": 9}}, {"pk": 27, "model": "auth.permission", "fields": {"codename": "delete_association", "name": "Can delete association", "content_type": 9}}, {"pk": 28, "model": "auth.permission", "fields": {"codename": "add_code", "name": "Can add code", "content_type": 10}}, {"pk": 29, "model": "auth.permission", "fields": {"codename": "change_code", "name": "Can change code", "content_type": 10}}, {"pk": 30, "model": "auth.permission", "fields": {"codename": "delete_code", "name": "Can delete code", "content_type": 10}}, {"pk": 31, "model": "auth.permission", "fields": {"codename": "add_migrationhistory", "name": "Can add migration history", "content_type": 11}}, {"pk": 32, "model": "auth.permission", "fields": {"codename": "change_migrationhistory", "name": "Can change migration history", "content_type": 11}}, {"pk": 33, "model": "auth.permission", "fields": {"codename": "delete_migrationhistory", "name": "Can delete migration history", "content_type": 11}}, {"pk": 34, "model": "auth.permission", "fields": {"codename": "add_humangroup", "name": "Can add human group", "content_type": 12}}, {"pk": 35, "model": "auth.permission", "fields": {"codename": "change_humangroup", "name": "Can change human group", "content_type": 12}}, {"pk": 36, "model": "auth.permission", "fields": {"codename": "delete_humangroup", "name": "Can delete human group", "content_type": 12}}, {"pk": 37, "model": "auth.permission", "fields": {"codename": "add_handletype", "name": "Can add handle type", "content_type": 13}}, {"pk": 38, "model": "auth.permission", "fields": {"codename": "change_handletype", "name": "Can change handle type", "content_type": 13}}, {"pk": 39, "model": "auth.permission", "fields": {"codename": "delete_handletype", "name": "Can delete handle type", "content_type": 13}}, {"pk": 40, "model": "auth.permission", "fields": {"codename": "add_handle", "name": "Can add handle", "content_type": 14}}, {"pk": 41, "model": "auth.permission", "fields": {"codename": "change_handle", "name": "Can change handle", "content_type": 14}}, {"pk": 42, "model": "auth.permission", "fields": {"codename": "delete_handle", "name": "Can delete handle", "content_type": 14}}, {"pk": 43, "model": "auth.permission", "fields": {"codename": "add_human", "name": "Can add human", "content_type": 15}}, {"pk": 44, "model": "auth.permission", "fields": {"codename": "change_human", "name": "Can change human", "content_type": 15}}, {"pk": 45, "model": "auth.permission", "fields": {"codename": "delete_human", "name": "Can delete human", "content_type": 15}}, {"pk": 46, "model": "auth.permission", "fields": {"codename": "add_snippet", "name": "Can add snippet", "content_type": 16}}, {"pk": 47, "model": "auth.permission", "fields": {"codename": "change_snippet", "name": "Can change snippet", "content_type": 16}}, {"pk": 48, "model": "auth.permission", "fields": {"codename": "delete_snippet", "name": "Can delete snippet", "content_type": 16}}, {"pk": 49, "model": "auth.permission", "fields": {"codename": "add_hitcount", "name": "Can add Hit Count", "content_type": 17}}, {"pk": 50, "model": "auth.permission", "fields": {"codename": "change_hitcount", "name": "Can change Hit Count", "content_type": 17}}, {"pk": 51, "model": "auth.permission", "fields": {"codename": "delete_hitcount", "name": "Can delete Hit Count", "content_type": 17}}, {"pk": 52, "model": "auth.permission", "fields": {"codename": "add_hit", "name": "Can add hit", "content_type": 18}}, {"pk": 53, "model": "auth.permission", "fields": {"codename": "change_hit", "name": "Can change hit", "content_type": 18}}, {"pk": 54, "model": "auth.permission", "fields": {"codename": "delete_hit", "name": "Can delete hit", "content_type": 18}}, {"pk": 55, "model": "auth.permission", "fields": {"codename": "add_blacklistip", "name": "Can add Blacklisted IP", "content_type": 19}}, {"pk": 56, "model": "auth.permission", "fields": {"codename": "change_blacklistip", "name": "Can change Blacklisted IP", "content_type": 19}}, {"pk": 57, "model": "auth.permission", "fields": {"codename": "delete_blacklistip", "name": "Can delete Blacklisted IP", "content_type": 19}}, {"pk": 58, "model": "auth.permission", "fields": {"codename": "add_blacklistuseragent", "name": "Can add Blacklisted User Agent", "content_type": 20}}, {"pk": 59, "model": "auth.permission", "fields": {"codename": "change_blacklistuseragent", "name": "Can change Blacklisted User Agent", "content_type": 20}}, {"pk": 60, "model": "auth.permission", "fields": {"codename": "delete_blacklistuseragent", "name": "Can delete Blacklisted User Agent", "content_type": 20}}, {"pk": 61, "model": "auth.permission", "fields": {"codename": "add_cronjoblog", "name": "Can add cron job log", "content_type": 21}}, {"pk": 62, "model": "auth.permission", "fields": {"codename": "change_cronjoblog", "name": "Can change cron job log", "content_type": 21}}, {"pk": 63, "model": "auth.permission", "fields": {"codename": "delete_cronjoblog", "name": "Can delete cron job log", "content_type": 21}}, {"pk": 64, "model": "auth.permission", "fields": {"codename": "add_taskmeta", "name": "Can add task state", "content_type": 22}}, {"pk": 65, "model": "auth.permission", "fields": {"codename": "change_taskmeta", "name": "Can change task state", "content_type": 22}}, {"pk": 66, "model": "auth.permission", "fields": {"codename": "delete_taskmeta", "name": "Can delete task state", "content_type": 22}}, {"pk": 67, "model": "auth.permission", "fields": {"codename": "add_tasksetmeta", "name": "Can add saved group result", "content_type": 23}}, {"pk": 68, "model": "auth.permission", "fields": {"codename": "change_tasksetmeta", "name": "Can change saved group result", "content_type": 23}}, {"pk": 69, "model": "auth.permission", "fields": {"codename": "delete_tasksetmeta", "name": "Can delete saved group result", "content_type": 23}}, {"pk": 70, "model": "auth.permission", "fields": {"codename": "add_intervalschedule", "name": "Can add interval", "content_type": 24}}, {"pk": 71, "model": "auth.permission", "fields": {"codename": "change_intervalschedule", "name": "Can change interval", "content_type": 24}}, {"pk": 72, "model": "auth.permission", "fields": {"codename": "delete_intervalschedule", "name": "Can delete interval", "content_type": 24}}, {"pk": 73, "model": "auth.permission", "fields": {"codename": "add_crontabschedule", "name": "Can add crontab", "content_type": 25}}, {"pk": 74, "model": "auth.permission", "fields": {"codename": "change_crontabschedule", "name": "Can change crontab", "content_type": 25}}, {"pk": 75, "model": "auth.permission", "fields": {"codename": "delete_crontabschedule", "name": "Can delete crontab", "content_type": 25}}, {"pk": 76, "model": "auth.permission", "fields": {"codename": "add_periodictasks", "name": "Can add periodic tasks", "content_type": 26}}, {"pk": 77, "model": "auth.permission", "fields": {"codename": "change_periodictasks", "name": "Can change periodic tasks", "content_type": 26}}, {"pk": 78, "model": "auth.permission", "fields": {"codename": "delete_periodictasks", "name": "Can delete periodic tasks", "content_type": 26}}, {"pk": 79, "model": "auth.permission", "fields": {"codename": "add_periodictask", "name": "Can add periodic task", "content_type": 27}}, {"pk": 80, "model": "auth.permission", "fields": {"codename": "change_periodictask", "name": "Can change periodic task", "content_type": 27}}, {"pk": 81, "model": "auth.permission", "fields": {"codename": "delete_periodictask", "name": "Can delete periodic task", "content_type": 27}}, {"pk": 82, "model": "auth.permission", "fields": {"codename": "add_workerstate", "name": "Can add worker", "content_type": 28}}, {"pk": 83, "model": "auth.permission", "fields": {"codename": "change_workerstate", "name": "Can change worker", "content_type": 28}}, {"pk": 84, "model": "auth.permission", "fields": {"codename": "delete_workerstate", "name": "Can delete worker", "content_type": 28}}, {"pk": 85, "model": "auth.permission", "fields": {"codename": "add_taskstate", "name": "Can add task", "content_type": 29}}, {"pk": 86, "model": "auth.permission", "fields": {"codename": "change_taskstate", "name": "Can change task", "content_type": 29}}, {"pk": 87, "model": "auth.permission", "fields": {"codename": "delete_taskstate", "name": "Can delete task", "content_type": 29}}, {"pk": 88, "model": "auth.permission", "fields": {"codename": "add_history", "name": "Can add history", "content_type": 30}}, {"pk": 89, "model": "auth.permission", "fields": {"codename": "change_history", "name": "Can change history", "content_type": 30}}, {"pk": 90, "model": "auth.permission", "fields": {"codename": "delete_history", "name": "Can delete history", "content_type": 30}}, {"pk": 91, "model": "auth.permission", "fields": {"codename": "add_ids", "name": "Can add ids", "content_type": 31}}, {"pk": 92, "model": "auth.permission", "fields": {"codename": "change_ids", "name": "Can change ids", "content_type": 31}}, {"pk": 93, "model": "auth.permission", "fields": {"codename": "delete_ids", "name": "Can delete ids", "content_type": 31}}, {"pk": 94, "model": "auth.permission", "fields": {"codename": "add_profile", "name": "Can add profile", "content_type": 32}}, {"pk": 95, "model": "auth.permission", "fields": {"codename": "change_profile", "name": "Can change profile", "content_type": 32}}, {"pk": 96, "model": "auth.permission", "fields": {"codename": "delete_profile", "name": "Can delete profile", "content_type": 32}}, {"pk": 97, "model": "auth.permission", "fields": {"codename": "add_settings", "name": "Can add settings", "content_type": 33}}, {"pk": 98, "model": "auth.permission", "fields": {"codename": "change_settings", "name": "Can change settings", "content_type": 33}}, {"pk": 99, "model": "auth.permission", "fields": {"codename": "delete_settings", "name": "Can delete settings", "content_type": 33}}, {"pk": 100, "model": "auth.permission", "fields": {"codename": "add_register", "name": "Can add register", "content_type": 34}}, {"pk": 101, "model": "auth.permission", "fields": {"codename": "change_register", "name": "Can change register", "content_type": 34}}, {"pk": 102, "model": "auth.permission", "fields": {"codename": "delete_register", "name": "Can delete register", "content_type": 34}}, {"pk": 103, "model": "auth.permission", "fields": {"codename": "add_recover", "name": "Can add recover", "content_type": 35}}, {"pk": 104, "model": "auth.permission", "fields": {"codename": "change_recover", "name": "Can change recover", "content_type": 35}}, {"pk": 105, "model": "auth.permission", "fields": {"codename": "delete_recover", "name": "Can delete recover", "content_type": 35}}, {"pk": 106, "model": "auth.permission", "fields": {"codename": "add_confirm", "name": "Can add confirm", "content_type": 36}}, {"pk": 107, "model": "auth.permission", "fields": {"codename": "change_confirm", "name": "Can change confirm", "content_type": 36}}, {"pk": 108, "model": "auth.permission", "fields": {"codename": "delete_confirm", "name": "Can delete confirm", "content_type": 36}}, {"pk": 109, "model": "auth.permission", "fields": {"codename": "add_binding", "name": "Can add binding", "content_type": 37}}, {"pk": 110, "model": "auth.permission", "fields": {"codename": "change_binding", "name": "Can change binding", "content_type": 37}}, {"pk": 111, "model": "auth.permission", "fields": {"codename": "delete_binding", "name": "Can delete binding", "content_type": 37}}, {"pk": 112, "model": "auth.permission", "fields": {"codename": "add_item", "name": "Can add item", "content_type": 38}}, {"pk": 113, "model": "auth.permission", "fields": {"codename": "change_item", "name": "Can change item", "content_type": 38}}, {"pk": 114, "model": "auth.permission", "fields": {"codename": "delete_item", "name": "Can delete item", "content_type": 38}}, {"pk": 115, "model": "auth.permission", "fields": {"codename": "add_person", "name": "Can add person", "content_type": 39}}, {"pk": 116, "model": "auth.permission", "fields": {"codename": "change_person", "name": "Can change person", "content_type": 39}}, {"pk": 117, "model": "auth.permission", "fields": {"codename": "delete_person", "name": "Can delete person", "content_type": 39}}, {"pk": 118, "model": "auth.permission", "fields": {"codename": "add_house", "name": "Can add house", "content_type": 40}}, {"pk": 119, "model": "auth.permission", "fields": {"codename": "change_house", "name": "Can change house", "content_type": 40}}, {"pk": 120, "model": "auth.permission", "fields": {"codename": "delete_house", "name": "Can delete house", "content_type": 40}}, {"pk": 121, "model": "auth.permission", "fields": {"codename": "add_author", "name": "Can add author", "content_type": 41}}, {"pk": 122, "model": "auth.permission", "fields": {"codename": "change_author", "name": "Can change author", "content_type": 41}}, {"pk": 123, "model": "auth.permission", "fields": {"codename": "delete_author", "name": "Can delete author", "content_type": 41}}, {"pk": 124, "model": "auth.permission", "fields": {"codename": "add_publisher", "name": "Can add publisher", "content_type": 42}}, {"pk": 125, "model": "auth.permission", "fields": {"codename": "change_publisher", "name": "Can change publisher", "content_type": 42}}, {"pk": 126, "model": "auth.permission", "fields": {"codename": "delete_publisher", "name": "Can delete publisher", "content_type": 42}}, {"pk": 127, "model": "auth.permission", "fields": {"codename": "add_url", "name": "Can add url", "content_type": 43}}, {"pk": 128, "model": "auth.permission", "fields": {"codename": "change_url", "name": "Can change url", "content_type": 43}}, {"pk": 129, "model": "auth.permission", "fields": {"codename": "delete_url", "name": "Can delete url", "content_type": 43}}, {"pk": 130, "model": "auth.permission", "fields": {"codename": "add_tag", "name": "Can add tag", "content_type": 44}}, {"pk": 131, "model": "auth.permission", "fields": {"codename": "change_tag", "name": "Can change tag", "content_type": 44}}, {"pk": 132, "model": "auth.permission", "fields": {"codename": "delete_tag", "name": "Can delete tag", "content_type": 44}}, {"pk": 133, "model": "auth.permission", "fields": {"codename": "add_active", "name": "Can add active", "content_type": 45}}, {"pk": 134, "model": "auth.permission", "fields": {"codename": "change_active", "name": "Can change active", "content_type": 45}}, {"pk": 135, "model": "auth.permission", "fields": {"codename": "delete_active", "name": "Can delete active", "content_type": 45}}, {"pk": 136, "model": "auth.permission", "fields": {"codename": "add_pool", "name": "Can add pool", "content_type": 46}}, {"pk": 137, "model": "auth.permission", "fields": {"codename": "change_pool", "name": "Can change pool", "content_type": 46}}, {"pk": 138, "model": "auth.permission", "fields": {"codename": "delete_pool", "name": "Can delete pool", "content_type": 46}}, {"pk": 139, "model": "auth.permission", "fields": {"codename": "add_flag", "name": "Can add flag", "content_type": 47}}, {"pk": 140, "model": "auth.permission", "fields": {"codename": "change_flag", "name": "Can change flag", "content_type": 47}}, {"pk": 141, "model": "auth.permission", "fields": {"codename": "delete_flag", "name": "Can delete flag", "content_type": 47}}, {"pk": 142, "model": "auth.permission", "fields": {"codename": "add_comment", "name": "Can add comment", "content_type": 48}}, {"pk": 143, "model": "auth.permission", "fields": {"codename": "change_comment", "name": "Can change comment", "content_type": 48}}, {"pk": 144, "model": "auth.permission", "fields": {"codename": "delete_comment", "name": "Can delete comment", "content_type": 48}}, {"pk": 145, "model": "auth.permission", "fields": {"codename": "add_spot", "name": "Can add spot", "content_type": 49}}, {"pk": 146, "model": "auth.permission", "fields": {"codename": "change_spot", "name": "Can change spot", "content_type": 49}}, {"pk": 147, "model": "auth.permission", "fields": {"codename": "delete_spot", "name": "Can delete spot", "content_type": 49}}, {"pk": 148, "model": "auth.permission", "fields": {"codename": "add_waaave", "name": "Can add waaave", "content_type": 50}}, {"pk": 149, "model": "auth.permission", "fields": {"codename": "change_waaave", "name": "Can change waaave", "content_type": 50}}, {"pk": 150, "model": "auth.permission", "fields": {"codename": "delete_waaave", "name": "Can delete waaave", "content_type": 50}}, {"pk": 151, "model": "auth.permission", "fields": {"codename": "add_follow", "name": "Can add follow", "content_type": 51}}, {"pk": 152, "model": "auth.permission", "fields": {"codename": "change_follow", "name": "Can change follow", "content_type": 51}}, {"pk": 153, "model": "auth.permission", "fields": {"codename": "delete_follow", "name": "Can delete follow", "content_type": 51}}, {"pk": 154, "model": "auth.permission", "fields": {"codename": "add_followadd", "name": "Can add follow add", "content_type": 52}}, {"pk": 155, "model": "auth.permission", "fields": {"codename": "change_followadd", "name": "Can change follow add", "content_type": 52}}, {"pk": 156, "model": "auth.permission", "fields": {"codename": "delete_followadd", "name": "Can delete follow add", "content_type": 52}}, {"pk": 157, "model": "auth.permission", "fields": {"codename": "add_record", "name": "Can add record", "content_type": 53}}, {"pk": 158, "model": "auth.permission", "fields": {"codename": "change_record", "name": "Can change record", "content_type": 53}}, {"pk": 159, "model": "auth.permission", "fields": {"codename": "delete_record", "name": "Can delete record", "content_type": 53}}, {"pk": 160, "model": "auth.permission", "fields": {"codename": "add_record", "name": "Can add record", "content_type": 54}}, {"pk": 161, "model": "auth.permission", "fields": {"codename": "change_record", "name": "Can change record", "content_type": 54}}, {"pk": 162, "model": "auth.permission", "fields": {"codename": "delete_record", "name": "Can delete record", "content_type": 54}}, {"pk": 163, "model": "auth.permission", "fields": {"codename": "add_waaave", "name": "Can add waaave", "content_type": 55}}, {"pk": 164, "model": "auth.permission", "fields": {"codename": "change_waaave", "name": "Can change waaave", "content_type": 55}}, {"pk": 165, "model": "auth.permission", "fields": {"codename": "delete_waaave", "name": "Can delete waaave", "content_type": 55}}, {"pk": 166, "model": "auth.permission", "fields": {"codename": "add_follow", "name": "Can add follow", "content_type": 56}}, {"pk": 167, "model": "auth.permission", "fields": {"codename": "change_follow", "name": "Can change follow", "content_type": 56}}, {"pk": 168, "model": "auth.permission", "fields": {"codename": "delete_follow", "name": "Can delete follow", "content_type": 56}}, {"pk": 169, "model": "auth.permission", "fields": {"codename": "add_membership", "name": "Can add membership", "content_type": 57}}, {"pk": 170, "model": "auth.permission", "fields": {"codename": "change_membership", "name": "Can change membership", "content_type": 57}}, {"pk": 171, "model": "auth.permission", "fields": {"codename": "delete_membership", "name": "Can delete membership", "content_type": 57}}, {"pk": 172, "model": "auth.permission", "fields": {"codename": "add_list", "name": "Can add list", "content_type": 58}}, {"pk": 173, "model": "auth.permission", "fields": {"codename": "change_list", "name": "Can change list", "content_type": 58}}, {"pk": 174, "model": "auth.permission", "fields": {"codename": "delete_list", "name": "Can delete list", "content_type": 58}}, {"pk": 175, "model": "auth.permission", "fields": {"codename": "add_meta", "name": "Can add meta", "content_type": 59}}, {"pk": 176, "model": "auth.permission", "fields": {"codename": "change_meta", "name": "Can change meta", "content_type": 59}}, {"pk": 177, "model": "auth.permission", "fields": {"codename": "delete_meta", "name": "Can delete meta", "content_type": 59}}, {"pk": 178, "model": "auth.permission", "fields": {"codename": "add_author", "name": "Can add author", "content_type": 60}}, {"pk": 179, "model": "auth.permission", "fields": {"codename": "change_author", "name": "Can change author", "content_type": 60}}, {"pk": 180, "model": "auth.permission", "fields": {"codename": "delete_author", "name": "Can delete author", "content_type": 60}}, {"pk": 181, "model": "auth.permission", "fields": {"codename": "add_content", "name": "Can add content", "content_type": 61}}, {"pk": 182, "model": "auth.permission", "fields": {"codename": "change_content", "name": "Can change content", "content_type": 61}}, {"pk": 183, "model": "auth.permission", "fields": {"codename": "delete_content", "name": "Can delete content", "content_type": 61}}, {"pk": 184, "model": "auth.permission", "fields": {"codename": "add_url", "name": "Can add url", "content_type": 62}}, {"pk": 185, "model": "auth.permission", "fields": {"codename": "change_url", "name": "Can change url", "content_type": 62}}, {"pk": 186, "model": "auth.permission", "fields": {"codename": "delete_url", "name": "Can delete url", "content_type": 62}}, {"pk": 187, "model": "auth.permission", "fields": {"codename": "add_tag", "name": "Can add tag", "content_type": 63}}, {"pk": 188, "model": "auth.permission", "fields": {"codename": "change_tag", "name": "Can change tag", "content_type": 63}}, {"pk": 189, "model": "auth.permission", "fields": {"codename": "delete_tag", "name": "Can delete tag", "content_type": 63}}, {"pk": 190, "model": "auth.permission", "fields": {"codename": "add_upload", "name": "Can add upload", "content_type": 64}}, {"pk": 191, "model": "auth.permission", "fields": {"codename": "change_upload", "name": "Can change upload", "content_type": 64}}, {"pk": 192, "model": "auth.permission", "fields": {"codename": "delete_upload", "name": "Can delete upload", "content_type": 64}}, {"pk": 1, "model": "auth.user", "fields": {"username": "shawn.fanning", "first_name": "Shawn", "last_name": "Fanning", "is_active": true, "is_superuser": false, "is_staff": false, "last_login": "2014-01-05T07:06:20", "groups": [], "user_permissions": [], "password": "pbkdf2_sha256$12000$uXrVtSGljT7e$GKEE9pz3Vgpvmvv/t67dKjZxBCewiSKht76p/iZwYTY=", "email": "shawn.fanning@waaave.com", "date_joined": "2014-01-05T07:06:20"}}, {"pk": 2, "model": "auth.user", "fields": {"username": "mark.zuckerberg", "first_name": "Mark", "last_name": "Zuckerberg", "is_active": true, "is_superuser": false, "is_staff": false, "last_login": "2014-01-05T07:16:24", "groups": [], "user_permissions": [], "password": "pbkdf2_sha256$12000$cLKAteRN2zMg$7kif0YixNjSbm7e5K2lpOfzbl6LtdXocqCgZLubAjOk=", "email": "mark.zuckerberg@waaave.com", "date_joined": "2014-01-05T07:07:16"}}, {"pk": 3, "model": "auth.user", "fields": {"username": "nick.daloisio", "first_name": "Nick", "last_name": "D'Aloisio", "is_active": true, "is_superuser": false, "is_staff": false, "last_login": "2014-01-05T07:25:42", "groups": [], "user_permissions": [], "password": "pbkdf2_sha256$12000$2v23MAMxXfKc$ZWdGvmRJNAM+N4QSxrNPb8LgCRz5Vby7JxqsHePSfE0=", "email": "nick.daloisio@waaave.com", "date_joined": "2014-01-05T07:08:27"}}, {"pk": 4, "model": "auth.user", "fields": {"username": "marissa.mayer", "first_name": "Marissa", "last_name": "Mayer", "is_active": true, "is_superuser": false, "is_staff": false, "last_login": "2014-01-05T07:53:23", "groups": [], "user_permissions": [], "password": "pbkdf2_sha256$12000$hLnFfLsefo2r$/hOg+PQyvqAqgdpYyFJ7kdEVkiDUPH8OZXzXM9CoWJg=", "email": "marissa.mayer@waaave.com", "date_joined": "2014-01-05T07:09:19"}}, {"pk": 5, "model": "auth.user", "fields": {"username": "david.karp", "first_name": "David", "last_name": "Karp", "is_active": true, "is_superuser": false, "is_staff": false, "last_login": "2014-01-05T07:26:16", "groups": [], "user_permissions": [], "password": "pbkdf2_sha256$12000$49JhUZleCp7w$+xI3QsOofxQOLFNEhlMbX/K4m9+cY1qd0GGCAvZvLOA=", "email": "david.karp@waaave.com", "date_joined": "2014-01-05T07:10:04"}}, {"pk": 6, "model": "auth.user", "fields": {"username": "brian.wong", "first_name": "Brian", "last_name": "Wong", "is_active": true, "is_superuser": false, "is_staff": false, "last_login": "2014-01-05T07:55:15", "groups": [], "user_permissions": [], "password": "pbkdf2_sha256$12000$W2C32ILi1x5e$JsRI8J15iQQ2Cg+Dbx+o8jpI0AZ5vvuYXyPybqHfnZI=", "email": "brian.wong@waaave.com", "date_joined": "2014-01-05T07:10:54"}}, {"pk": 7, "model": "auth.user", "fields": {"username": "loic.le-meur", "first_name": "Lo\u00efc", "last_name": "Le Meur", "is_active": true, "is_superuser": true, "is_staff": true, "last_login": "2014-01-05T08:02:25", "groups": [], "user_permissions": [], "password": "pbkdf2_sha256$12000$t7jbmLGtRSUp$TB44Ka8vIG+1oUy5XMxCrYZCdMzm1d6Bghwn9dR9o1w=", "email": "loic.le-meur@waaave.com", "date_joined": "2014-01-05T07:11:44"}}, {"pk": 8, "model": "auth.user", "fields": {"username": "mark.pincus", "first_name": "Mark", "last_name": "Pincus", "is_active": true, "is_superuser": false, "is_staff": false, "last_login": "2014-01-05T07:56:27", "groups": [], "user_permissions": [], "password": "pbkdf2_sha256$12000$f7SxxM8x3zqL$F6rTfawbBHwv+8y0uGEPNqxHKxm31bm/dJpeZVgJlFY=", "email": "mark.pincus@waaave.com", "date_joined": "2014-01-05T07:12:41"}}, {"pk": 9, "model": "auth.user", "fields": {"username": "eduardo.saverin", "first_name": "Eduardo", "last_name": "Saverin", "is_active": true, "is_superuser": false, "is_staff": false, "last_login": "2014-01-05T07:57:35", "groups": [], "user_permissions": [], "password": "pbkdf2_sha256$12000$iiV8BTriw2k7$4bqMDJc6AD//bgV2fEu6QIZOr1E2yRTTL6sfcfJsmOk=", "email": "eduardo.saverin@waaave.com", "date_joined": "2014-01-05T07:13:31"}}, {"pk": 10, "model": "auth.user", "fields": {"username": "dustin.moskovitz", "first_name": "Dustin", "last_name": "Moskovitz", "is_active": true, "is_superuser": false, "is_staff": false, "last_login": "2014-01-05T07:58:55", "groups": [], "user_permissions": [], "password": "pbkdf2_sha256$12000$CfyFadAghIMx$bSp9OIERoDq4dGoqDFX+Ltdkj7kWVuz93+GoiiHO78g=", "email": "dustin.moskovitz@waaave.com", "date_joined": "2014-01-05T07:14:25"}}, {"pk": 11, "model": "auth.user", "fields": {"username": "sean.parker", "first_name": "Sean", "last_name": "Parker", "is_active": true, "is_superuser": false, "is_staff": false, "last_login": "2014-01-05T08:02:58", "groups": [], "user_permissions": [], "password": "pbkdf2_sha256$12000$Dn5FVXdWNwQP$ko7/2MGM5I9fN41AjWoEh0bE7l/OK5xO/JWvgVSnmuU=", "email": "sean.parker@waaave.com", "date_joined": "2014-01-05T07:15:12"}}, {"pk": 1, "model": "account.profile", "fields": {"website": "", "city": "San Francisco", "register_complete": true, "freelancing": false, "identity_verified": false, "country": "US", "company": "Napster", "date_update": "2014-01-05T07:06:46", "specialty": "Hacker", "rank": 2, "hiring": false, "experience": "4.00", "email_verified": false, "website_verified": false}}, {"pk": 2, "model": "account.profile", "fields": {"website": "", "city": "San Francisco", "register_complete": true, "freelancing": false, "identity_verified": false, "country": "US", "company": "Facebook", "date_update": "2014-01-05T08:01:16", "specialty": "CEO", "rank": 5, "hiring": false, "experience": "75.65", "email_verified": false, "website_verified": false}}, {"pk": 3, "model": "account.profile", "fields": {"website": "", "city": "London", "register_complete": true, "freelancing": false, "identity_verified": false, "country": "GB", "company": "Summly", "date_update": "2014-01-05T08:01:39", "specialty": "iOS", "rank": 5, "hiring": false, "experience": "70.30", "email_verified": false, "website_verified": false}}, {"pk": 4, "model": "account.profile", "fields": {"website": "", "city": "San Francisco", "register_complete": true, "freelancing": false, "identity_verified": false, "country": "US", "company": "Yahoo!", "date_update": "2014-01-05T07:59:59", "specialty": "Executive", "rank": 2, "hiring": false, "experience": "11.00", "email_verified": false, "website_verified": false}}, {"pk": 5, "model": "account.profile", "fields": {"website": "", "city": "New York City", "register_complete": true, "freelancing": false, "identity_verified": false, "country": "US", "company": "Tumblr.", "date_update": "2014-01-05T07:10:32", "specialty": "Designer", "rank": 2, "hiring": false, "experience": "4.00", "email_verified": false, "website_verified": false}}, {"pk": 6, "model": "account.profile", "fields": {"website": "", "city": "San Francisco", "register_complete": true, "freelancing": false, "identity_verified": false, "country": "US", "company": "Kiip", "date_update": "2014-01-05T07:11:27", "specialty": "Designer", "rank": 2, "hiring": false, "experience": "4.00", "email_verified": false, "website_verified": false}}, {"pk": 7, "model": "account.profile", "fields": {"website": "", "city": "San Francisco", "register_complete": true, "freelancing": false, "identity_verified": false, "country": "US", "company": "Le Web", "date_update": "2014-01-05T07:12:23", "specialty": "Marketing", "rank": 2, "hiring": false, "experience": "4.00", "email_verified": false, "website_verified": false}}, {"pk": 8, "model": "account.profile", "fields": {"website": "", "city": "San Francisco", "register_complete": true, "freelancing": false, "identity_verified": false, "country": "US", "company": "Zinga", "date_update": "2014-01-05T07:57:52", "specialty": "Executive", "rank": 2, "hiring": false, "experience": "10.00", "email_verified": false, "website_verified": false}}, {"pk": 9, "model": "account.profile", "fields": {"website": "", "city": "New York City", "register_complete": true, "freelancing": false, "identity_verified": false, "country": "US", "company": "", "date_update": "2014-01-05T07:59:29", "specialty": "Stock Exchanges", "rank": 2, "hiring": false, "experience": "9.00", "email_verified": false, "website_verified": false}}, {"pk": 10, "model": "account.profile", "fields": {"website": "", "city": "San Francisco", "register_complete": true, "freelancing": false, "identity_verified": false, "country": "US", "company": "Facebook", "date_update": "2014-01-05T08:01:44", "specialty": "Code", "rank": 2, "hiring": false, "experience": "5.08", "email_verified": false, "website_verified": false}}, {"pk": 11, "model": "account.profile", "fields": {"website": "", "city": "New York City", "register_complete": true, "freelancing": false, "identity_verified": false, "country": "US", "company": "Airtime", "date_update": "2014-01-05T08:02:48", "specialty": "Hacker", "rank": 5, "hiring": false, "experience": "88.40", "email_verified": false, "website_verified": false}}, {"pk": 1, "model": "account.settings", "fields": {"notif_follow_add": true, "notif_spot": true, "notif_waaave": true, "date_update": "2014-01-05T07:06:20", "notif_respond": true, "email_follow_add": true, "notif_follow": true, "email_follow": true, "email_respond": true}}, {"pk": 2, "model": "account.settings", "fields": {"notif_follow_add": true, "notif_spot": true, "notif_waaave": true, "date_update": "2014-01-05T07:07:16", "notif_respond": true, "email_follow_add": true, "notif_follow": true, "email_follow": true, "email_respond": true}}, {"pk": 3, "model": "account.settings", "fields": {"notif_follow_add": true, "notif_spot": true, "notif_waaave": true, "date_update": "2014-01-05T07:08:27", "notif_respond": true, "email_follow_add": true, "notif_follow": true, "email_follow": true, "email_respond": true}}, {"pk": 4, "model": "account.settings", "fields": {"notif_follow_add": true, "notif_spot": true, "notif_waaave": true, "date_update": "2014-01-05T07:09:19", "notif_respond": true, "email_follow_add": true, "notif_follow": true, "email_follow": true, "email_respond": true}}, {"pk": 5, "model": "account.settings", "fields": {"notif_follow_add": true, "notif_spot": true, "notif_waaave": true, "date_update": "2014-01-05T07:10:04", "notif_respond": true, "email_follow_add": true, "notif_follow": true, "email_follow": true, "email_respond": true}}, {"pk": 6, "model": "account.settings", "fields": {"notif_follow_add": true, "notif_spot": true, "notif_waaave": true, "date_update": "2014-01-05T07:10:54", "notif_respond": true, "email_follow_add": true, "notif_follow": true, "email_follow": true, "email_respond": true}}, {"pk": 7, "model": "account.settings", "fields": {"notif_follow_add": true, "notif_spot": true, "notif_waaave": true, "date_update": "2014-01-05T07:11:44", "notif_respond": true, "email_follow_add": true, "notif_follow": true, "email_follow": true, "email_respond": true}}, {"pk": 8, "model": "account.settings", "fields": {"notif_follow_add": true, "notif_spot": true, "notif_waaave": true, "date_update": "2014-01-05T07:12:41", "notif_respond": true, "email_follow_add": true, "notif_follow": true, "email_follow": true, "email_respond": true}}, {"pk": 9, "model": "account.settings", "fields": {"notif_follow_add": true, "notif_spot": true, "notif_waaave": true, "date_update": "2014-01-05T07:13:31", "notif_respond": true, "email_follow_add": true, "notif_follow": true, "email_follow": true, "email_respond": true}}, {"pk": 10, "model": "account.settings", "fields": {"notif_follow_add": true, "notif_spot": true, "notif_waaave": true, "date_update": "2014-01-05T07:14:25", "notif_respond": true, "email_follow_add": true, "notif_follow": true, "email_follow": true, "email_respond": true}}, {"pk": 11, "model": "account.settings", "fields": {"notif_follow_add": true, "notif_spot": true, "notif_waaave": true, "date_update": "2014-01-05T07:15:12", "notif_respond": true, "email_follow_add": true, "notif_follow": true, "email_follow": true, "email_respond": true}}, {"pk": 1, "model": "account.register", "fields": {"ip_complete": "127.0.0.1", "date_start": "2014-01-05T07:06:20", "step_current": 0, "complete": true, "date_update": "2014-01-05T07:06:46", "resumed_count": 0, "date_complete": "2014-01-05T07:06:46", "ip_update": "127.0.0.1", "ip_start": "127.0.0.1"}}, {"pk": 2, "model": "account.register", "fields": {"ip_complete": "127.0.0.1", "date_start": "2014-01-05T07:07:16", "step_current": 0, "complete": true, "date_update": "2014-01-05T07:16:24", "resumed_count": 1, "date_complete": "2014-01-05T07:07:47", "ip_update": "127.0.0.1", "ip_start": "127.0.0.1"}}, {"pk": 3, "model": "account.register", "fields": {"ip_complete": "127.0.0.1", "date_start": "2014-01-05T07:08:27", "step_current": 0, "complete": true, "date_update": "2014-01-05T07:25:42", "resumed_count": 1, "date_complete": "2014-01-05T07:08:56", "ip_update": "127.0.0.1", "ip_start": "127.0.0.1"}}, {"pk": 4, "model": "account.register", "fields": {"ip_complete": "127.0.0.1", "date_start": "2014-01-05T07:09:19", "step_current": 0, "complete": true, "date_update": "2014-01-05T07:53:23", "resumed_count": 1, "date_complete": "2014-01-05T07:09:43", "ip_update": "127.0.0.1", "ip_start": "127.0.0.1"}}, {"pk": 5, "model": "account.register", "fields": {"ip_complete": "127.0.0.1", "date_start": "2014-01-05T07:10:04", "step_current": 0, "complete": true, "date_update": "2014-01-05T07:26:16", "resumed_count": 1, "date_complete": "2014-01-05T07:10:32", "ip_update": "127.0.0.1", "ip_start": "127.0.0.1"}}, {"pk": 6, "model": "account.register", "fields": {"ip_complete": "127.0.0.1", "date_start": "2014-01-05T07:10:54", "step_current": 0, "complete": true, "date_update": "2014-01-05T07:55:15", "resumed_count": 1, "date_complete": "2014-01-05T07:11:27", "ip_update": "127.0.0.1", "ip_start": "127.0.0.1"}}, {"pk": 7, "model": "account.register", "fields": {"ip_complete": "127.0.0.1", "date_start": "2014-01-05T07:11:44", "step_current": 0, "complete": true, "date_update": "2014-01-05T08:02:25", "resumed_count": 2, "date_complete": "2014-01-05T07:12:23", "ip_update": "127.0.0.1", "ip_start": "127.0.0.1"}}, {"pk": 8, "model": "account.register", "fields": {"ip_complete": "127.0.0.1", "date_start": "2014-01-05T07:12:41", "step_current": 0, "complete": true, "date_update": "2014-01-05T07:56:27", "resumed_count": 1, "date_complete": "2014-01-05T07:13:10", "ip_update": "127.0.0.1", "ip_start": "127.0.0.1"}}, {"pk": 9, "model": "account.register", "fields": {"ip_complete": "127.0.0.1", "date_start": "2014-01-05T07:13:31", "step_current": 0, "complete": true, "date_update": "2014-01-05T07:57:35", "resumed_count": 1, "date_complete": "2014-01-05T07:14:05", "ip_update": "127.0.0.1", "ip_start": "127.0.0.1"}}, {"pk": 10, "model": "account.register", "fields": {"ip_complete": "127.0.0.1", "date_start": "2014-01-05T07:14:25", "step_current": 0, "complete": true, "date_update": "2014-01-05T07:58:55", "resumed_count": 1, "date_complete": "2014-01-05T07:14:55", "ip_update": "127.0.0.1", "ip_start": "127.0.0.1"}}, {"pk": 11, "model": "account.register", "fields": {"ip_complete": "127.0.0.1", "date_start": "2014-01-05T07:15:12", "step_current": 0, "complete": true, "date_update": "2014-01-05T08:02:58", "resumed_count": 3, "date_complete": "2014-01-05T07:15:36", "ip_update": "127.0.0.1", "ip_start": "127.0.0.1"}}, {"pk": 1, "model": "account.confirm", "fields": {"confirmed": false, "key_random": "48cc3033a42e974221cfafdcd2266f00b63c080f", "date_confirmed": null, "date_generated": "2014-01-05T07:06:46", "key_uidb36": "3o0", "key_token": "f53bd18186fe63766c6c"}}, {"pk": 2, "model": "account.confirm", "fields": {"confirmed": false, "key_random": "f93d827b9e5e4e16e48738ebf921e1ab65b16af1", "date_confirmed": null, "date_generated": "2014-01-05T07:07:47", "key_uidb36": "3o0", "key_token": "c4916982d70763b324eb"}}, {"pk": 3, "model": "account.confirm", "fields": {"confirmed": false, "key_random": "30a6d5f2c25d7a3f5660f7377bcae12e68ff99df", "date_confirmed": null, "date_generated": "2014-01-05T07:08:56", "key_uidb36": "3o0", "key_token": "056448dcc8c206a870d6"}}, {"pk": 4, "model": "account.confirm", "fields": {"confirmed": false, "key_random": "4d9d6ba8f53d6aa0490e13ff7f84c8b39c476157", "date_confirmed": null, "date_generated": "2014-01-05T07:09:43", "key_uidb36": "3o0", "key_token": "83b7fea68b44f9e3b00d"}}, {"pk": 5, "model": "account.confirm", "fields": {"confirmed": false, "key_random": "fe0d7b5ac4f503fa8d522f0b90567e9a576abb78", "date_confirmed": null, "date_generated": "2014-01-05T07:10:32", "key_uidb36": "3o0", "key_token": "c55d3db8e95e0b76f5dc"}}, {"pk": 6, "model": "account.confirm", "fields": {"confirmed": false, "key_random": "431fa273019d30c44b66bf0629bee96feec40810", "date_confirmed": null, "date_generated": "2014-01-05T07:11:27", "key_uidb36": "3o0", "key_token": "fc504aa562b30228ecc4"}}, {"pk": 7, "model": "account.confirm", "fields": {"confirmed": false, "key_random": "3c42d03bc55645711877a42856d178e6d9d8835d", "date_confirmed": null, "date_generated": "2014-01-05T07:12:23", "key_uidb36": "3o0", "key_token": "183ca1f083855694dd05"}}, {"pk": 8, "model": "account.confirm", "fields": {"confirmed": false, "key_random": "8fec900065ad83bf8ee8004301dd3b69ee2ced74", "date_confirmed": null, "date_generated": "2014-01-05T07:13:10", "key_uidb36": "3o0", "key_token": "44c90d884a22740c64de"}}, {"pk": 9, "model": "account.confirm", "fields": {"confirmed": false, "key_random": "1a406d1373394bd5af8dd607c062716f27effffb", "date_confirmed": null, "date_generated": "2014-01-05T07:14:05", "key_uidb36": "3o0", "key_token": "3733ee9b289832ddf6b0"}}, {"pk": 10, "model": "account.confirm", "fields": {"confirmed": false, "key_random": "70e64cff43207346b01944e4a63c62221fd4a5ac", "date_confirmed": null, "date_generated": "2014-01-05T07:14:55", "key_uidb36": "3o0", "key_token": "88ed9982b845cf2e1f37"}}, {"pk": 11, "model": "account.confirm", "fields": {"confirmed": false, "key_random": "bc7c5ade1de3b020e458340f91f8cffef7cf1389", "date_confirmed": null, "date_generated": "2014-01-05T07:15:36", "key_uidb36": "3o0", "key_token": "108e5d5f89bc5b1f8791"}}, {"pk": 1, "model": "avatar.binding", "fields": {"extension": "png", "url": "https://upload.wikimedia.org/wikipedia/commons/e/e3/ShawnFanningJI3.jpg", "source": "url", "mime": "image/png", "user": 1, "date": "2014-01-05T07:49:17"}}, {"pk": 2, "model": "avatar.binding", "fields": {"extension": "png", "url": "https://upload.wikimedia.org/wikipedia/commons/3/31/Mark_Zuckerberg_at_the_37th_G8_Summit_in_Deauville_018_v1.jpg", "source": "url", "mime": "image/png", "user": 2, "date": "2014-01-05T07:49:35"}}, {"pk": 3, "model": "avatar.binding", "fields": {"extension": "png", "url": "https://upload.wikimedia.org/wikipedia/commons/8/87/Nick_D%E2%80%99Aloisio%2C_Founder%2C_Summly_%40_LeWeb_London_2012_Central_Hall_Westminster-1238.jpg", "source": "url", "mime": "image/png", "user": 3, "date": "2014-01-05T07:49:39"}}, {"pk": 4, "model": "avatar.binding", "fields": {"extension": "png", "url": "https://upload.wikimedia.org/wikipedia/commons/5/5e/Marissa_Mayer%2C_World_Economic_Forum_2013_III.jpg", "source": "url", "mime": "image/png", "user": 4, "date": "2014-01-05T07:50:16"}}, {"pk": 5, "model": "avatar.binding", "fields": {"extension": "png", "url": "https://upload.wikimedia.org/wikipedia/commons/c/c3/David_Karp_EBE09_%28cropped%29.jpg", "source": "url", "mime": "image/png", "user": 5, "date": "2014-01-05T07:50:22"}}, {"pk": 6, "model": "avatar.binding", "fields": {"extension": "png", "url": "https://upload.wikimedia.org/wikipedia/commons/0/07/Brian_Wong.jpg", "source": "url", "mime": "image/png", "user": 6, "date": "2014-01-05T07:50:37"}}, {"pk": 7, "model": "avatar.binding", "fields": {"extension": "png", "url": "https://upload.wikimedia.org/wikipedia/commons/9/9d/Loic_le_meur.jpg", "source": "url", "mime": "image/png", "user": 7, "date": "2014-01-05T07:50:44"}}, {"pk": 8, "model": "avatar.binding", "fields": {"extension": "png", "url": "https://upload.wikimedia.org/wikipedia/commons/b/b0/Markpincus2.jpg", "source": "url", "mime": "image/png", "user": 8, "date": "2014-01-05T07:50:45"}}, {"pk": 9, "model": "avatar.binding", "fields": {"extension": "png", "url": "https://upload.wikimedia.org/wikipedia/commons/d/dd/Eduardo_Saverin_CHINICT.JPG", "source": "url", "mime": "image/png", "user": 9, "date": "2014-01-05T07:51:45"}}, {"pk": 10, "model": "avatar.binding", "fields": {"extension": "png", "url": "https://upload.wikimedia.org/wikipedia/commons/8/87/Dustin_Moskovitz_Headshot.jpg", "source": "url", "mime": "image/png", "user": 10, "date": "2014-01-05T07:51:45"}}, {"pk": 11, "model": "avatar.binding", "fields": {"extension": "png", "url": "https://upload.wikimedia.org/wikipedia/en/0/04/Sean_Parker_2011.jpg", "source": "url", "mime": "image/png", "user": 11, "date": "2014-01-05T07:51:57"}}, {"pk": 1, "model": "comment.active", "fields": {"body": "I can tell you that we (at Yahoo!), have recently switched to a similar workflow for all our Web services.\n\nOur employees are not way more productive, what a joy! :)", "author": 4, "item": 3, "hidden_date": null, "date": "2014-01-05T07:54:17", "is_hidden": false, "in_reply_to": 0}}, {"pk": 2, "model": "comment.active", "fields": {"body": "The investigation's outcome underscores the challenges facing the agency as it tries to remake itself as a tough-on-crime financial watchdog after years of rarely prosecuting such cases.\n\nTo critics of the FCA, the probe shows the potential for collateral damage as regulators pursue insider-trading investigations. To the agency's defenders, it illustrates how hard it can be for regulators to prove that suspicious-seeming transactions are illegal.\n\nThe FCA stepped up its pursuit of insider trading after British officials came to believe financial wrongdoing was damaging London's standing as a financial center. Last April, in an effort to wash away the agency's laissez-faire reputation, it changed its name and mandate. It has poured tens of millions of pounds into hiring staff and developing computer systems to identify suspicious trading.", "author": 4, "item": 2, "hidden_date": null, "date": "2014-01-05T07:55:02", "is_hidden": false, "in_reply_to": 0}}, {"pk": 3, "model": "comment.active", "fields": {"body": "Marissa, I do not agree with this POV. We at Kiip love free trade & libertarian stuff.", "author": 6, "item": 2, "hidden_date": null, "date": "2014-01-05T07:55:56", "is_hidden": false, "in_reply_to": 2}}, {"pk": 4, "model": "comment.active", "fields": {"body": "Definitely worth a try!", "author": 6, "item": 2, "hidden_date": null, "date": "2014-01-05T07:56:04", "is_hidden": false, "in_reply_to": 0}}, {"pk": 5, "model": "comment.active", "fields": {"body": "Sounds good, we had some outages there @ Zinga due to email issues. Fixing fixing!", "author": 8, "item": 1, "hidden_date": null, "date": "2014-01-05T07:56:52", "is_hidden": false, "in_reply_to": 0}}, {"pk": 6, "model": "comment.active", "fields": {"body": "I definitely do not like that.", "author": 9, "item": 2, "hidden_date": null, "date": "2014-01-05T07:58:15", "is_hidden": false, "in_reply_to": 0}}, {"pk": 7, "model": "comment.active", "fields": {"body": "AHAH man, that's nothing but relevant!", "author": 10, "item": 2, "hidden_date": null, "date": "2014-01-05T07:59:49", "is_hidden": false, "in_reply_to": 6}}, {"pk": 8, "model": "comment.active", "fields": {"body": "Yup, I agree.", "author": 10, "item": 3, "hidden_date": null, "date": "2014-01-05T08:00:08", "is_hidden": false, "in_reply_to": 1}}, {"pk": 9, "model": "comment.active", "fields": {"body": "LOL that's SOOOO easy man!", "author": 10, "item": 3, "hidden_date": null, "date": "2014-01-05T08:00:17", "is_hidden": false, "in_reply_to": 0}}, {"pk": 10, "model": "comment.active", "fields": {"body": "I don't give a shit bro.", "author": 11, "item": 2, "hidden_date": null, "date": "2014-01-05T08:01:02", "is_hidden": false, "in_reply_to": 0}}, {"pk": 11, "model": "comment.active", "fields": {"body": "I don't understand, I want my billing. You know what's cool? One trillion dollars!", "author": 11, "item": 1, "hidden_date": null, "date": "2014-01-05T08:01:35", "is_hidden": false, "in_reply_to": 0}}, {"pk": 12, "model": "comment.active", "fields": {"body": "ROCK STAR BABY, LET'S SMOKE SOME WEED AND GET SOME COKE!", "author": 11, "item": 3, "hidden_date": null, "date": "2014-01-05T08:02:05", "is_hidden": false, "in_reply_to": 0}}, {"pk": 13, "model": "comment.active", "fields": {"body": "Hey Sean, any chance to see you @ Le Web?", "author": 7, "item": 2, "hidden_date": null, "date": "2014-01-05T08:02:41", "is_hidden": false, "in_reply_to": 10}}, {"pk": 14, "model": "comment.active", "fields": {"body": "Nope bro, I'm away on the Caymans all the year long.", "author": 11, "item": 2, "hidden_date": null, "date": "2014-01-05T08:03:50", "is_hidden": false, "in_reply_to": 13}}, {"pk": 1, "model": "notification.comment", "fields": {"date": "2014-01-05T07:54:17", "comment": 1, "is_active": true, "is_new": true, "user": 3}}, {"pk": 2, "model": "notification.comment", "fields": {"date": "2014-01-05T07:55:02", "comment": 2, "is_active": true, "is_new": true, "user": 11}}, {"pk": 3, "model": "notification.comment", "fields": {"date": "2014-01-05T07:55:56", "comment": 3, "is_active": true, "is_new": true, "user": 4}}, {"pk": 4, "model": "notification.comment", "fields": {"date": "2014-01-05T07:56:04", "comment": 4, "is_active": true, "is_new": true, "user": 11}}, {"pk": 5, "model": "notification.comment", "fields": {"date": "2014-01-05T07:56:52", "comment": 5, "is_active": true, "is_new": true, "user": 2}}, {"pk": 6, "model": "notification.comment", "fields": {"date": "2014-01-05T07:58:15", "comment": 6, "is_active": true, "is_new": true, "user": 11}}, {"pk": 7, "model": "notification.comment", "fields": {"date": "2014-01-05T07:59:49", "comment": 7, "is_active": true, "is_new": true, "user": 9}}, {"pk": 8, "model": "notification.comment", "fields": {"date": "2014-01-05T08:00:08", "comment": 8, "is_active": true, "is_new": true, "user": 4}}, {"pk": 9, "model": "notification.comment", "fields": {"date": "2014-01-05T08:00:17", "comment": 9, "is_active": true, "is_new": true, "user": 3}}, {"pk": 10, "model": "notification.comment", "fields": {"date": "2014-01-05T08:01:35", "comment": 11, "is_active": true, "is_new": true, "user": 2}}, {"pk": 11, "model": "notification.comment", "fields": {"date": "2014-01-05T08:02:05", "comment": 12, "is_active": true, "is_new": true, "user": 3}}, {"pk": 12, "model": "notification.comment", "fields": {"date": "2014-01-05T08:02:41", "comment": 13, "is_active": true, "is_new": true, "user": 11}}, {"pk": 13, "model": "notification.comment", "fields": {"date": "2014-01-05T08:03:51", "comment": 14, "is_active": true, "is_new": true, "user": 7}}, {"pk": 1, "model": "notification.spot", "fields": {"index": 2, "is_active": true, "spot": 5, "is_new": true, "user": 3, "date": "2014-01-05T07:27:25"}}, {"pk": 1, "model": "notification.follow", "fields": {"date": "2014-01-05T07:29:07", "follow": 1, "is_active": true, "is_new": true, "user": 3}}, {"pk": 2, "model": "notification.follow", "fields": {"date": "2014-01-05T07:29:18", "follow": 2, "is_active": true, "is_new": true, "user": 2}}, {"pk": 3, "model": "notification.follow", "fields": {"date": "2014-01-05T07:55:22", "follow": 3, "is_active": true, "is_new": true, "user": 4}}, {"pk": 4, "model": "notification.follow", "fields": {"date": "2014-01-05T07:57:03", "follow": 4, "is_active": true, "is_new": true, "user": 3}}, {"pk": 5, "model": "notification.follow", "fields": {"date": "2014-01-05T07:57:52", "follow": 5, "is_active": true, "is_new": true, "user": 8}}, {"pk": 6, "model": "notification.follow", "fields": {"date": "2014-01-05T07:58:03", "follow": 6, "is_active": true, "is_new": true, "user": 11}}, {"pk": 7, "model": "notification.follow", "fields": {"date": "2014-01-05T07:59:29", "follow": 7, "is_active": true, "is_new": true, "user": 9}}, {"pk": 8, "model": "notification.follow", "fields": {"date": "2014-01-05T08:00:22", "follow": 8, "is_active": true, "is_new": true, "user": 2}}, {"pk": 9, "model": "notification.follow", "fields": {"date": "2014-01-05T08:01:16", "follow": 9, "is_active": true, "is_new": true, "user": 2}}, {"pk": 10, "model": "notification.follow", "fields": {"date": "2014-01-05T08:02:46", "follow": 10, "is_active": true, "is_new": true, "user": 11}}, {"pk": 1, "model": "rank.record", "fields": {"entity_id": 1, "recipient_rank": 1, "sender": 0, "entity_type": "user", "action_exp": "4.00", "action_date": "2014-01-05T07:06:45", "sender_rank_impact": "0.00", "action_exp_with_impact": "4.00", "action_type": "registration_complete", "sender_rank": 0, "recipient": 1}}, {"pk": 2, "model": "rank.record", "fields": {"entity_id": 2, "recipient_rank": 1, "sender": 0, "entity_type": "user", "action_exp": "4.00", "action_date": "2014-01-05T07:07:45", "sender_rank_impact": "0.00", "action_exp_with_impact": "4.00", "action_type": "registration_complete", "sender_rank": 0, "recipient": 2}}, {"pk": 3, "model": "rank.record", "fields": {"entity_id": 3, "recipient_rank": 1, "sender": 0, "entity_type": "user", "action_exp": "4.00", "action_date": "2014-01-05T07:08:54", "sender_rank_impact": "0.00", "action_exp_with_impact": "4.00", "action_type": "registration_complete", "sender_rank": 0, "recipient": 3}}, {"pk": 4, "model": "rank.record", "fields": {"entity_id": 4, "recipient_rank": 1, "sender": 0, "entity_type": "user", "action_exp": "4.00", "action_date": "2014-01-05T07:09:41", "sender_rank_impact": "0.00", "action_exp_with_impact": "4.00", "action_type": "registration_complete", "sender_rank": 0, "recipient": 4}}, {"pk": 5, "model": "rank.record", "fields": {"entity_id": 5, "recipient_rank": 1, "sender": 0, "entity_type": "user", "action_exp": "4.00", "action_date": "2014-01-05T07:10:31", "sender_rank_impact": "0.00", "action_exp_with_impact": "4.00", "action_type": "registration_complete", "sender_rank": 0, "recipient": 5}}, {"pk": 6, "model": "rank.record", "fields": {"entity_id": 6, "recipient_rank": 1, "sender": 0, "entity_type": "user", "action_exp": "4.00", "action_date": "2014-01-05T07:11:25", "sender_rank_impact": "0.00", "action_exp_with_impact": "4.00", "action_type": "registration_complete", "sender_rank": 0, "recipient": 6}}, {"pk": 7, "model": "rank.record", "fields": {"entity_id": 7, "recipient_rank": 1, "sender": 0, "entity_type": "user", "action_exp": "4.00", "action_date": "2014-01-05T07:12:15", "sender_rank_impact": "0.00", "action_exp_with_impact": "4.00", "action_type": "registration_complete", "sender_rank": 0, "recipient": 7}}, {"pk": 8, "model": "rank.record", "fields": {"entity_id": 8, "recipient_rank": 1, "sender": 0, "entity_type": "user", "action_exp": "4.00", "action_date": "2014-01-05T07:13:09", "sender_rank_impact": "0.00", "action_exp_with_impact": "4.00", "action_type": "registration_complete", "sender_rank": 0, "recipient": 8}}, {"pk": 9, "model": "rank.record", "fields": {"entity_id": 9, "recipient_rank": 1, "sender": 0, "entity_type": "user", "action_exp": "4.00", "action_date": "2014-01-05T07:14:03", "sender_rank_impact": "0.00", "action_exp_with_impact": "4.00", "action_type": "registration_complete", "sender_rank": 0, "recipient": 9}}, {"pk": 10, "model": "rank.record", "fields": {"entity_id": 10, "recipient_rank": 1, "sender": 0, "entity_type": "user", "action_exp": "4.00", "action_date": "2014-01-05T07:14:53", "sender_rank_impact": "0.00", "action_exp_with_impact": "4.00", "action_type": "registration_complete", "sender_rank": 0, "recipient": 10}}, {"pk": 11, "model": "rank.record", "fields": {"entity_id": 11, "recipient_rank": 1, "sender": 0, "entity_type": "user", "action_exp": "4.00", "action_date": "2014-01-05T07:15:35", "sender_rank_impact": "0.00", "action_exp_with_impact": "4.00", "action_type": "registration_complete", "sender_rank": 0, "recipient": 11}}, {"pk": 12, "model": "rank.record", "fields": {"entity_id": 5, "recipient_rank": 2, "sender": 3, "entity_type": "tutorial", "action_exp": "0.05", "action_date": "2014-01-05T07:26:01", "sender_rank_impact": "1.00", "action_exp_with_impact": "0.05", "action_type": "visit", "sender_rank": 2, "recipient": 3}}, {"pk": 13, "model": "rank.record", "fields": {"entity_id": 5, "recipient_rank": 2, "sender": 0, "entity_type": "tutorial", "action_exp": "50.00", "action_date": "2014-01-05T07:27:12", "sender_rank_impact": "0.00", "action_exp_with_impact": "50.00", "action_type": "tuto_validation", "sender_rank": 0, "recipient": 3}}, {"pk": 14, "model": "rank.record", "fields": {"entity_id": 3, "recipient_rank": 2, "sender": 0, "entity_type": "tutorial", "action_exp": "50.00", "action_date": "2014-01-05T07:27:23", "sender_rank_impact": "0.00", "action_exp_with_impact": "50.00", "action_type": "tuto_validation", "sender_rank": 0, "recipient": 2}}, {"pk": 15, "model": "rank.record", "fields": {"entity_id": 4, "recipient_rank": 2, "sender": 0, "entity_type": "tutorial", "action_exp": "50.00", "action_date": "2014-01-05T07:27:25", "sender_rank_impact": "0.00", "action_exp_with_impact": "50.00", "action_type": "tuto_validation", "sender_rank": 0, "recipient": 11}}, {"pk": 16, "model": "rank.record", "fields": {"entity_id": 5, "recipient_rank": 4, "sender": 7, "entity_type": "tutorial", "action_exp": "0.05", "action_date": "2014-01-05T07:27:36", "sender_rank_impact": "1.00", "action_exp_with_impact": "0.05", "action_type": "visit", "sender_rank": 2, "recipient": 3}}, {"pk": 17, "model": "rank.record", "fields": {"entity_id": 3, "recipient_rank": 4, "sender": 7, "entity_type": "tutorial", "action_exp": "0.05", "action_date": "2014-01-05T07:29:06", "sender_rank_impact": "1.00", "action_exp_with_impact": "0.05", "action_type": "visit", "sender_rank": 2, "recipient": 2}}, {"pk": 18, "model": "rank.record", "fields": {"entity_id": 3, "recipient_rank": 4, "sender": 7, "entity_type": "user", "action_exp": "5.00", "action_date": "2014-01-05T07:29:07", "sender_rank_impact": "1.00", "action_exp_with_impact": "5.00", "action_type": "follower", "sender_rank": 2, "recipient": 3}}, {"pk": 19, "model": "rank.record", "fields": {"entity_id": 2, "recipient_rank": 4, "sender": 7, "entity_type": "user", "action_exp": "5.00", "action_date": "2014-01-05T07:29:18", "sender_rank_impact": "1.00", "action_exp_with_impact": "5.00", "action_type": "follower", "sender_rank": 2, "recipient": 2}}, {"pk": 20, "model": "rank.record", "fields": {"entity_id": 3, "recipient_rank": 4, "sender": 7, "entity_type": "tutorial", "action_exp": "0.05", "action_date": "2014-01-05T07:52:56", "sender_rank_impact": "1.00", "action_exp_with_impact": "0.05", "action_type": "visit", "sender_rank": 2, "recipient": 2}}, {"pk": 21, "model": "rank.record", "fields": {"entity_id": 5, "recipient_rank": 4, "sender": 4, "entity_type": "tutorial", "action_exp": "0.05", "action_date": "2014-01-05T07:53:28", "sender_rank_impact": "1.00", "action_exp_with_impact": "0.05", "action_type": "visit", "sender_rank": 2, "recipient": 3}}, {"pk": 22, "model": "rank.record", "fields": {"entity_id": 1, "recipient_rank": 2, "sender": 4, "entity_type": "comment", "action_exp": "1.00", "action_date": "2014-01-05T07:54:20", "sender_rank_impact": "1.00", "action_exp_with_impact": "1.00", "action_type": "click_relevant", "sender_rank": 2, "recipient": 4}}, {"pk": 23, "model": "rank.record", "fields": {"entity_id": 4, "recipient_rank": 4, "sender": 4, "entity_type": "tutorial", "action_exp": "0.05", "action_date": "2014-01-05T07:54:25", "sender_rank_impact": "1.00", "action_exp_with_impact": "0.05", "action_type": "visit", "sender_rank": 2, "recipient": 11}}, {"pk": 24, "model": "rank.record", "fields": {"entity_id": 4, "recipient_rank": 4, "sender": 6, "entity_type": "tutorial", "action_exp": "0.05", "action_date": "2014-01-05T07:55:21", "sender_rank_impact": "1.00", "action_exp_with_impact": "0.05", "action_type": "visit", "sender_rank": 2, "recipient": 11}}, {"pk": 25, "model": "rank.record", "fields": {"entity_id": 4, "recipient_rank": 2, "sender": 6, "entity_type": "user", "action_exp": "5.00", "action_date": "2014-01-05T07:55:22", "sender_rank_impact": "1.00", "action_exp_with_impact": "5.00", "action_type": "follower", "sender_rank": 2, "recipient": 4}}, {"pk": 26, "model": "rank.record", "fields": {"entity_id": 4, "recipient_rank": 4, "sender": 6, "entity_type": "tutorial", "action_exp": "0.05", "action_date": "2014-01-05T07:55:25", "sender_rank_impact": "1.00", "action_exp_with_impact": "0.05", "action_type": "visit", "sender_rank": 2, "recipient": 11}}, {"pk": 27, "model": "rank.record", "fields": {"entity_id": 3, "recipient_rank": 4, "sender": 8, "entity_type": "tutorial", "action_exp": "0.05", "action_date": "2014-01-05T07:56:32", "sender_rank_impact": "1.00", "action_exp_with_impact": "0.05", "action_type": "visit", "sender_rank": 2, "recipient": 2}}, {"pk": 28, "model": "rank.record", "fields": {"entity_id": 3, "recipient_rank": 4, "sender": 8, "entity_type": "tutorial", "action_exp": "1.00", "action_date": "2014-01-05T07:56:53", "sender_rank_impact": "1.00", "action_exp_with_impact": "1.00", "action_type": "click_relevant", "sender_rank": 2, "recipient": 2}}, {"pk": 29, "model": "rank.record", "fields": {"entity_id": 3, "recipient_rank": 4, "sender": 8, "entity_type": "tutorial", "action_exp": "5.00", "action_date": "2014-01-05T07:56:55", "sender_rank_impact": "1.00", "action_exp_with_impact": "5.00", "action_type": "share_waaave", "sender_rank": 2, "recipient": 2}}, {"pk": 30, "model": "rank.record", "fields": {"entity_id": 5, "recipient_rank": 2, "sender": 8, "entity_type": "comment", "action_exp": "1.00", "action_date": "2014-01-05T07:56:57", "sender_rank_impact": "1.00", "action_exp_with_impact": "1.00", "action_type": "click_relevant", "sender_rank": 2, "recipient": 8}}, {"pk": 31, "model": "rank.record", "fields": {"entity_id": 3, "recipient_rank": 5, "sender": 8, "entity_type": "tutorial", "action_exp": "0.05", "action_date": "2014-01-05T07:57:02", "sender_rank_impact": "1.00", "action_exp_with_impact": "0.05", "action_type": "visit", "sender_rank": 2, "recipient": 2}}, {"pk": 32, "model": "rank.record", "fields": {"entity_id": 3, "recipient_rank": 4, "sender": 8, "entity_type": "user", "action_exp": "5.00", "action_date": "2014-01-05T07:57:03", "sender_rank_impact": "1.00", "action_exp_with_impact": "5.00", "action_type": "follower", "sender_rank": 2, "recipient": 3}}, {"pk": 33, "model": "rank.record", "fields": {"entity_id": 5, "recipient_rank": 4, "sender": 8, "entity_type": "tutorial", "action_exp": "0.05", "action_date": "2014-01-05T07:57:05", "sender_rank_impact": "1.00", "action_exp_with_impact": "0.05", "action_type": "visit", "sender_rank": 2, "recipient": 3}}, {"pk": 34, "model": "rank.record", "fields": {"entity_id": 5, "recipient_rank": 4, "sender": 8, "entity_type": "tutorial", "action_exp": "1.00", "action_date": "2014-01-05T07:57:07", "sender_rank_impact": "1.00", "action_exp_with_impact": "1.00", "action_type": "click_relevant", "sender_rank": 2, "recipient": 3}}, {"pk": 35, "model": "rank.record", "fields": {"entity_id": 5, "recipient_rank": 5, "sender": 8, "entity_type": "tutorial", "action_exp": "5.00", "action_date": "2014-01-05T07:57:09", "sender_rank_impact": "1.00", "action_exp_with_impact": "5.00", "action_type": "share_waaave", "sender_rank": 2, "recipient": 3}}, {"pk": 36, "model": "rank.record", "fields": {"entity_id": 4, "recipient_rank": 4, "sender": 8, "entity_type": "tutorial", "action_exp": "0.05", "action_date": "2014-01-05T07:57:14", "sender_rank_impact": "1.00", "action_exp_with_impact": "0.05", "action_type": "visit", "sender_rank": 2, "recipient": 11}}, {"pk": 37, "model": "rank.record", "fields": {"entity_id": 4, "recipient_rank": 4, "sender": 8, "entity_type": "tutorial", "action_exp": "5.00", "action_date": "2014-01-05T07:57:15", "sender_rank_impact": "1.00", "action_exp_with_impact": "5.00", "action_type": "share_waaave", "sender_rank": 2, "recipient": 11}}, {"pk": 38, "model": "rank.record", "fields": {"entity_id": 4, "recipient_rank": 4, "sender": 8, "entity_type": "tutorial", "action_exp": "1.00", "action_date": "2014-01-05T07:57:16", "sender_rank_impact": "1.00", "action_exp_with_impact": "1.00", "action_type": "click_relevant", "sender_rank": 2, "recipient": 11}}, {"pk": 39, "model": "rank.record", "fields": {"entity_id": 8, "recipient_rank": 2, "sender": 9, "entity_type": "user", "action_exp": "5.00", "action_date": "2014-01-05T07:57:52", "sender_rank_impact": "1.00", "action_exp_with_impact": "5.00", "action_type": "follower", "sender_rank": 2, "recipient": 8}}, {"pk": 40, "model": "rank.record", "fields": {"entity_id": 4, "recipient_rank": 4, "sender": 9, "entity_type": "tutorial", "action_exp": "0.05", "action_date": "2014-01-05T07:57:58", "sender_rank_impact": "1.00", "action_exp_with_impact": "0.05", "action_type": "visit", "sender_rank": 2, "recipient": 11}}, {"pk": 41, "model": "rank.record", "fields": {"entity_id": 4, "recipient_rank": 4, "sender": 9, "entity_type": "tutorial", "action_exp": "5.00", "action_date": "2014-01-05T07:58:02", "sender_rank_impact": "1.00", "action_exp_with_impact": "5.00", "action_type": "share_waaave", "sender_rank": 2, "recipient": 11}}, {"pk": 42, "model": "rank.record", "fields": {"entity_id": 4, "recipient_rank": 5, "sender": 9, "entity_type": "tutorial", "action_exp": "1.00", "action_date": "2014-01-05T07:58:03", "sender_rank_impact": "1.00", "action_exp_with_impact": "1.00", "action_type": "click_relevant", "sender_rank": 2, "recipient": 11}}, {"pk": 43, "model": "rank.record", "fields": {"entity_id": 11, "recipient_rank": 5, "sender": 9, "entity_type": "user", "action_exp": "5.00", "action_date": "2014-01-05T07:58:03", "sender_rank_impact": "1.00", "action_exp_with_impact": "5.00", "action_type": "follower", "sender_rank": 2, "recipient": 11}}, {"pk": 44, "model": "rank.record", "fields": {"entity_id": 9, "recipient_rank": 2, "sender": 10, "entity_type": "user", "action_exp": "5.00", "action_date": "2014-01-05T07:59:29", "sender_rank_impact": "1.00", "action_exp_with_impact": "5.00", "action_type": "follower", "sender_rank": 2, "recipient": 9}}, {"pk": 45, "model": "rank.record", "fields": {"entity_id": 4, "recipient_rank": 5, "sender": 10, "entity_type": "tutorial", "action_exp": "0.05", "action_date": "2014-01-05T07:59:34", "sender_rank_impact": "1.00", "action_exp_with_impact": "0.05", "action_type": "visit", "sender_rank": 2, "recipient": 11}}, {"pk": 46, "model": "rank.record", "fields": {"entity_id": 4, "recipient_rank": 5, "sender": 10, "entity_type": "tutorial", "action_exp": "1.00", "action_date": "2014-01-05T07:59:36", "sender_rank_impact": "1.00", "action_exp_with_impact": "1.00", "action_type": "click_relevant", "sender_rank": 2, "recipient": 11}}, {"pk": 47, "model": "rank.record", "fields": {"entity_id": 4, "recipient_rank": 5, "sender": 10, "entity_type": "tutorial", "action_exp": "5.00", "action_date": "2014-01-05T07:59:37", "sender_rank_impact": "1.00", "action_exp_with_impact": "5.00", "action_type": "share_waaave", "sender_rank": 2, "recipient": 11}}, {"pk": 48, "model": "rank.record", "fields": {"entity_id": 5, "recipient_rank": 5, "sender": 10, "entity_type": "tutorial", "action_exp": "0.05", "action_date": "2014-01-05T07:59:56", "sender_rank_impact": "1.00", "action_exp_with_impact": "0.05", "action_type": "visit", "sender_rank": 2, "recipient": 3}}, {"pk": 49, "model": "rank.record", "fields": {"entity_id": 1, "recipient_rank": 2, "sender": 10, "entity_type": "comment", "action_exp": "1.00", "action_date": "2014-01-05T07:59:59", "sender_rank_impact": "1.00", "action_exp_with_impact": "1.00", "action_type": "click_relevant", "sender_rank": 2, "recipient": 4}}, {"pk": 50, "model": "rank.record", "fields": {"entity_id": 2, "recipient_rank": 5, "sender": 10, "entity_type": "user", "action_exp": "5.00", "action_date": "2014-01-05T08:00:22", "sender_rank_impact": "1.00", "action_exp_with_impact": "5.00", "action_type": "follower", "sender_rank": 2, "recipient": 2}}, {"pk": 51, "model": "rank.record", "fields": {"entity_id": 4, "recipient_rank": 5, "sender": 11, "entity_type": "tutorial", "action_exp": "0.05", "action_date": "2014-01-05T08:00:54", "sender_rank_impact": "1.08", "action_exp_with_impact": "0.05", "action_type": "visit", "sender_rank": 5, "recipient": 11}}, {"pk": 52, "model": "rank.record", "fields": {"entity_id": 3, "recipient_rank": 5, "sender": 11, "entity_type": "tutorial", "action_exp": "0.05", "action_date": "2014-01-05T08:01:15", "sender_rank_impact": "1.08", "action_exp_with_impact": "0.05", "action_type": "visit", "sender_rank": 5, "recipient": 2}}, {"pk": 53, "model": "rank.record", "fields": {"entity_id": 2, "recipient_rank": 5, "sender": 11, "entity_type": "user", "action_exp": "5.00", "action_date": "2014-01-05T08:01:16", "sender_rank_impact": "1.08", "action_exp_with_impact": "5.40", "action_type": "follower", "sender_rank": 5, "recipient": 2}}, {"pk": 54, "model": "rank.record", "fields": {"entity_id": 5, "recipient_rank": 5, "sender": 11, "entity_type": "tutorial", "action_exp": "0.05", "action_date": "2014-01-05T08:01:39", "sender_rank_impact": "1.08", "action_exp_with_impact": "0.05", "action_type": "visit", "sender_rank": 5, "recipient": 3}}, {"pk": 55, "model": "rank.record", "fields": {"entity_id": 9, "recipient_rank": 2, "sender": 11, "entity_type": "comment", "action_exp": "1.00", "action_date": "2014-01-05T08:01:44", "sender_rank_impact": "1.08", "action_exp_with_impact": "1.08", "action_type": "click_relevant", "sender_rank": 5, "recipient": 10}}, {"pk": 56, "model": "rank.record", "fields": {"entity_id": 4, "recipient_rank": 5, "sender": 7, "entity_type": "tutorial", "action_exp": "0.05", "action_date": "2014-01-05T08:02:29", "sender_rank_impact": "1.00", "action_exp_with_impact": "0.05", "action_type": "visit", "sender_rank": 2, "recipient": 11}}, {"pk": 57, "model": "rank.record", "fields": {"entity_id": 11, "recipient_rank": 5, "sender": 7, "entity_type": "user", "action_exp": "5.00", "action_date": "2014-01-05T08:02:46", "sender_rank_impact": "1.00", "action_exp_with_impact": "5.00", "action_type": "follower", "sender_rank": 2, "recipient": 11}}, {"pk": 58, "model": "rank.record", "fields": {"entity_id": 4, "recipient_rank": 5, "sender": 7, "entity_type": "tutorial", "action_exp": "1.00", "action_date": "2014-01-05T08:02:46", "sender_rank_impact": "1.00", "action_exp_with_impact": "1.00", "action_type": "click_relevant", "sender_rank": 2, "recipient": 11}}, {"pk": 59, "model": "rank.record", "fields": {"entity_id": 4, "recipient_rank": 5, "sender": 7, "entity_type": "tutorial", "action_exp": "5.00", "action_date": "2014-01-05T08:02:48", "sender_rank_impact": "1.00", "action_exp_with_impact": "5.00", "action_type": "share_waaave", "sender_rank": 2, "recipient": 11}}, {"pk": 1, "model": "relevance.record", "fields": {"date": "2014-01-05T07:54:20", "item": 4, "date_update": "2014-01-05T07:54:20", "user": 4, "is_relevant": true}}, {"pk": 2, "model": "relevance.record", "fields": {"date": "2014-01-05T07:56:53", "item": 1, "date_update": "2014-01-05T07:56:53", "user": 8, "is_relevant": true}}, {"pk": 3, "model": "relevance.record", "fields": {"date": "2014-01-05T07:56:57", "item": 8, "date_update": "2014-01-05T07:56:57", "user": 8, "is_relevant": false}}, {"pk": 4, "model": "relevance.record", "fields": {"date": "2014-01-05T07:57:07", "item": 3, "date_update": "2014-01-05T07:57:07", "user": 8, "is_relevant": true}}, {"pk": 5, "model": "relevance.record", "fields": {"date": "2014-01-05T07:57:16", "item": 2, "date_update": "2014-01-05T07:57:16", "user": 8, "is_relevant": true}}, {"pk": 6, "model": "relevance.record", "fields": {"date": "2014-01-05T07:58:03", "item": 2, "date_update": "2014-01-05T07:58:06", "user": 9, "is_relevant": false}}, {"pk": 7, "model": "relevance.record", "fields": {"date": "2014-01-05T07:59:36", "item": 2, "date_update": "2014-01-05T07:59:36", "user": 10, "is_relevant": true}}, {"pk": 8, "model": "relevance.record", "fields": {"date": "2014-01-05T07:59:41", "item": 9, "date_update": "2014-01-05T07:59:41", "user": 10, "is_relevant": false}}, {"pk": 9, "model": "relevance.record", "fields": {"date": "2014-01-05T07:59:59", "item": 4, "date_update": "2014-01-05T07:59:59", "user": 10, "is_relevant": true}}, {"pk": 10, "model": "relevance.record", "fields": {"date": "2014-01-05T08:01:44", "item": 12, "date_update": "2014-01-05T08:01:44", "user": 11, "is_relevant": true}}, {"pk": 11, "model": "relevance.record", "fields": {"date": "2014-01-05T08:02:46", "item": 2, "date_update": "2014-01-05T08:02:46", "user": 7, "is_relevant": true}}, {"pk": 1, "model": "share.waaave", "fields": {"date": "2014-01-05T07:56:55", "item": 1, "is_active": true, "user": 8}}, {"pk": 2, "model": "share.waaave", "fields": {"date": "2014-01-05T07:57:09", "item": 3, "is_active": true, "user": 8}}, {"pk": 3, "model": "share.waaave", "fields": {"date": "2014-01-05T07:57:15", "item": 2, "is_active": true, "user": 8}}, {"pk": 4, "model": "share.waaave", "fields": {"date": "2014-01-05T07:58:01", "item": 2, "is_active": true, "user": 9}}, {"pk": 5, "model": "share.waaave", "fields": {"date": "2014-01-05T07:59:37", "item": 2, "is_active": true, "user": 10}}, {"pk": 6, "model": "share.waaave", "fields": {"date": "2014-01-05T08:02:48", "item": 2, "is_active": true, "user": 7}}, {"pk": 1, "model": "share.follow", "fields": {"date": "2014-01-05T07:29:07", "follower": 7, "is_active": true, "user": 3}}, {"pk": 2, "model": "share.follow", "fields": {"date": "2014-01-05T07:29:18", "follower": 7, "is_active": true, "user": 2}}, {"pk": 3, "model": "share.follow", "fields": {"date": "2014-01-05T07:55:22", "follower": 6, "is_active": true, "user": 4}}, {"pk": 4, "model": "share.follow", "fields": {"date": "2014-01-05T07:57:03", "follower": 8, "is_active": true, "user": 3}}, {"pk": 5, "model": "share.follow", "fields": {"date": "2014-01-05T07:57:51", "follower": 9, "is_active": true, "user": 8}}, {"pk": 6, "model": "share.follow", "fields": {"date": "2014-01-05T07:58:03", "follower": 9, "is_active": true, "user": 11}}, {"pk": 7, "model": "share.follow", "fields": {"date": "2014-01-05T07:59:29", "follower": 10, "is_active": true, "user": 9}}, {"pk": 8, "model": "share.follow", "fields": {"date": "2014-01-05T08:00:22", "follower": 10, "is_active": true, "user": 2}}, {"pk": 9, "model": "share.follow", "fields": {"date": "2014-01-05T08:01:16", "follower": 11, "is_active": true, "user": 2}}, {"pk": 10, "model": "share.follow", "fields": {"date": "2014-01-05T08:02:46", "follower": 7, "is_active": true, "user": 11}}, {"pk": 1, "model": "spot.membership", "fields": {"date": "2014-01-05T07:26:02", "is_active": true, "spot": 5, "user": 3}}, {"pk": 2, "model": "spot.membership", "fields": {"date": "2014-01-05T07:29:09", "is_active": true, "spot": 5, "user": 7}}, {"pk": 3, "model": "spot.membership", "fields": {"date": "2014-01-05T07:54:26", "is_active": true, "spot": 6, "user": 4}}, {"pk": 4, "model": "spot.membership", "fields": {"date": "2014-01-05T07:54:27", "is_active": true, "spot": 2, "user": 4}}, {"pk": 5, "model": "spot.membership", "fields": {"date": "2014-01-05T07:57:04", "is_active": true, "spot": 5, "user": 8}}, {"pk": 6, "model": "spot.membership", "fields": {"date": "2014-01-05T07:57:10", "is_active": true, "spot": 4, "user": 8}}, {"pk": 7, "model": "spot.membership", "fields": {"date": "2014-01-05T07:58:00", "is_active": true, "spot": 4, "user": 9}}, {"pk": 8, "model": "spot.membership", "fields": {"date": "2014-01-05T07:58:01", "is_active": true, "spot": 6, "user": 9}}, {"pk": 9, "model": "spot.membership", "fields": {"date": "2014-01-05T07:59:26", "is_active": true, "spot": 1, "user": 10}}, {"pk": 10, "model": "spot.membership", "fields": {"date": "2014-01-05T08:00:25", "is_active": true, "spot": 2, "user": 10}}, {"pk": 11, "model": "spot.membership", "fields": {"date": "2014-01-05T08:02:08", "is_active": true, "spot": 2, "user": 11}}, {"pk": 12, "model": "spot.membership", "fields": {"date": "2014-01-05T08:02:08", "is_active": true, "spot": 5, "user": 11}}, {"pk": 13, "model": "spot.membership", "fields": {"date": "2014-01-05T08:02:49", "is_active": true, "spot": 4, "user": 7}}, {"pk": 14, "model": "spot.membership", "fields": {"date": "2014-01-05T08:02:49", "is_active": true, "spot": 6, "user": 7}}, {"pk": 1, "model": "tag.list", "fields": {"picture_original": "", "name": "Server", "author": 2, "color": "", "picture_small": "", "date": "2014-01-05T07:23:48", "picture_large": "", "slug": "server", "picture_normal": "", "description": "Tagged Server"}}, {"pk": 2, "model": "tag.list", "fields": {"picture_original": "", "name": "Debian", "author": 2, "color": "", "picture_small": "", "date": "2014-01-05T07:23:48", "picture_large": "", "slug": "debian", "picture_normal": "", "description": "Tagged Debian"}}, {"pk": 3, "model": "tag.list", "fields": {"picture_original": "", "name": "Sendmail", "author": 2, "color": "", "picture_small": "", "date": "2014-01-05T07:23:48", "picture_large": "", "slug": "sendmail", "picture_normal": "", "description": "Tagged Sendmail"}}, {"pk": 4, "model": "tag.list", "fields": {"picture_original": "", "name": "Django", "author": 11, "color": "", "picture_small": "", "date": "2014-01-05T07:24:46", "picture_large": "", "slug": "django", "picture_normal": "", "description": "Tagged Django"}}, {"pk": 5, "model": "tag.list", "fields": {"picture_original": "", "name": "Gitlab", "author": 11, "color": "", "picture_small": "", "date": "2014-01-05T07:24:46", "picture_large": "", "slug": "gitlab", "picture_normal": "", "description": "Tagged Gitlab"}}, {"pk": 6, "model": "tag.list", "fields": {"picture_original": "", "name": "Python", "author": 11, "color": "", "picture_small": "", "date": "2014-01-05T07:24:46", "picture_large": "", "slug": "python", "picture_normal": "", "description": "Tagged Python"}}, {"pk": 1, "model": "tutorial.author", "fields": {"is_master": true, "date": "2014-01-05T07:23:48", "user": 2, "tutorial": 3}}, {"pk": 2, "model": "tutorial.author", "fields": {"is_master": true, "date": "2014-01-05T07:24:46", "user": 11, "tutorial": 4}}, {"pk": 3, "model": "tutorial.author", "fields": {"is_master": true, "date": "2014-01-05T07:25:56", "user": 3, "tutorial": 5}}, {"pk": 1, "model": "tutorial.content", "fields": {"body": "Mail send action does not work out of the box on a Linux (here Debian), you have first to setup some software depending on some conditions. Let's see how you can get a working mail sending server in all cases. You'll mainly need it to use the PHP mail() function. :D\r\n\r\nWe can find 3 different cases. We will test each one before passing to the next one, the best solution is first.\r\n\r\n\r\n\r\n[h1]1. Use Sendmail[/h1]\r\n\r\nUsing sendmail is the best approach to send mail, because your server will not use any kind of external SMTP server to relay mails. It's also simple to install and does not require any kind of particular configuration.\r\n\r\n[danger]If you already know your server network provider locks down the port 25 (which is required to send mails), or if you are using Gandi.net Cloud Hosting, you can go the the second case without considering this one.[/danger]\r\n\r\nConnect to your server, and paste this in the terminal prompt (you must be root):\r\n\r\n[code=bash]apt-get install sendmail[/code]\r\n\r\nThen, restart your Web server software, like here if you are running Apache:\r\n\r\n[code=bash]/etc/init.d/apache2 restart[/code]\r\n\r\nOr if you are running Lighttpd:\r\n\r\n[code=bash]/etc/init.d/lighttpd restart[/code]\r\n\r\nNow, create a test PHP script and try to use the mail() function to send you a mail. PHP.net provides [url=http://php.net/manual/en/function.mail.php]a great documentation page[/url] about that function. B)\r\n\r\n\r\n\r\n[h1]2. Use an external SMTP[/h1]\r\n\r\n[h2]1. Gandi.net Cloud Hosting[/h2]\r\n\r\nIt recently appeared to me that Gandi.net was locking down the port 25 on its VPS (Cloud) servers. I believe they want to avoid some kind of spammers opening up a box for cheap and starting to send a bunch of mails through their network.\r\n\r\n[question]The problem with the usage of Sendmail on their server was that - even if the outgoing mails were sent - the process was blazing slow (like 30 seconds) because of some port restrictions.[/question]\r\n\r\nThe only solution is to use their own SMTP server, as a relay for our outgoing mails. It will filter spam, [i]by the way[/i].\r\n\r\n\r\n[h3]1. Create server email account[/h3]\r\n\r\nGo to your domain administration panel on Gandi.net, and create an email account with the username you want, and the password you want.\r\n\r\n[info]Don't forget those credentials, you'll need to use them later in the setup.[/info]\r\n\r\n\r\n[h3]2. Setup sSMTP[/h3]\r\n\r\nFirst thing to do for you is to install sSMTP on your web server. :p\r\n\r\nExecute the following command:\r\n\r\n[code=bash]apt-get install ssmtp[/code]\r\n\r\nThen, open the sSMTP configuration file:\r\n\r\n[code=bash]nano /etc/ssmtp/ssmtp.conf[/code]\r\n\r\nEnter your credentials in the file you get, by changing the credentials and taking care of every option:\r\n\r\n[code=bash]#\r\n# Config file for sSMTP sendmail\r\n#\r\n# The person who gets all mail for userids < 1000\r\n# Make this empty to disable rewriting.\r\nroot=myuser@mydomain.com\r\n\r\n# The place where the mail goes. The actual machine name is required no\r\n# MX records are consulted. Commonly mailhosts are named mail.domain.com\r\nmailhub=mail.gandi.net:587\r\n\r\n# Where will the mail seem to come from?\r\n#rewriteDomain=\r\n\r\n# The full hostname\r\nhostname=myserverhostname\r\n\r\n# Are users allowed to set their own From: address?\r\n# YES - Allow the user to specify their own From: address\r\n# NO - Use the system generated From: address\r\nFromLineOverride=YES\r\n\r\nUseSTARTTLS=YES\r\n\r\nAuthUser=myuser@mydomain.com\r\nAuthPass=mypassword[/code]\r\n\r\nThen, press CTRL+O to save, and CTRL+X to exit.\r\n\r\n\r\nNow, execute the following command:\r\n\r\n[code=bash]nano /etc/ssmtp/revaliases[/code]\r\n\r\nSo that you get the following file (replace the bold characters by the email you previously created):\r\n\r\n[code=bash]# sSMTP aliases\r\n#\r\n# Format:       local_account:outgoing_address:mailhub\r\n#\r\n# Example: root:your_login@your.domain:mailhub.your.domain[:port]\r\n# where [:port] is an optional port number that defaults to 25.\r\nroot:myuser@mydomain.com:mail.gandi.net:587[/code]\r\n\r\n\r\n[h3]3. Configure PHP[/h3]\r\n\r\nThe last step for you is to configure PHP so that it knows what command to execute to send the mails over the network.\r\n\r\nIf you are running Apache2, execute this command:\r\n\r\n[code=bash]nano /etc/php5/apache2/php.ini[/code]\r\n\r\nIf you are running lighttpd, execute this command:\r\n\r\n[code=bash]nano /etc/php5/cgi/php.ini[/code]\r\n\r\nThen, press CTRL+W and type \"sendmail_path\". Press Enter. You'll be at the line we want to edit.\r\n\r\nReplace this line with:\r\n\r\n[code=bash]sendmail_path = /usr/sbin/ssmtp -t[/code]\r\n\r\n\r\nLet's restart your server to finalize our configuration. B)\r\n\r\nIf you are running Apache2, execute this command:\r\n\r\n[code=bash]/etc/init.d/apache2 restart[/code]\r\n\r\nIf you are running lighttpd, execute this command:\r\n\r\n[code=bash]/etc/init.d/lighttpd restart[/code]\r\n\r\n\r\n[h2]2. All other cases[/h2]\r\n\r\n[h3]1. Setup eSMTP[/h3]\r\n\r\nLet's install... the last solution we have! --'\r\n\r\nExecute the following command:\r\n\r\n[code=bash]apt-get install esmtp[/code]\r\n\r\nThen, once done, open the eSMTP configuration file:\r\n\r\n[code=bash]nano /etc/esmtprc[/code]\r\n\r\nEdit the file so that you match the SMTP server of your choice. Take care of the lines in bold.\r\n\r\nHere, in France, we can get this with Orange SMTP server (a French ISP):\r\n\r\n[code=bash]# Config file for ESMTP sendmail\r\n\r\n# The SMTP host and service (port)\r\nhostname=smtp.orange.fr:587\r\n\r\n# The user name\r\nusername=myaccount@orange.fr\r\n\r\n# The password\r\npassword=mypassword\r\n\r\n# Whether to use Starttls\r\n#starttls=disabled\r\n\r\n# The certificate passphrase\r\n#certificate_passphrase=\r\n\r\n# The Mail Delivery Agent\r\nmda=\"/usr/bin/procmail -d %T\"[/code]\r\n\r\nThen, press CTRL+O to save and CTRL+X to exit.\r\n\r\nExecute the following command to link eSMTP to the legacy Sendmail path:\r\n\r\n[code=bash]ln -s /usr/bin/esmtp /usr/bin/sendmail[/code]\r\n\r\n\r\n[h3]2. Configure PHP[/h3]\r\n\r\nThe last step (and most crucial one, we don't have any other solution for you if that one does not work!) for you is to configure PHP so that it knows what command to execute to send the mails over the network. ;)\r\n\r\nIf you are running Apache2, execute this command:\r\n\r\n[code=bash]nano /etc/php5/apache2/php.ini[/code]\r\n\r\nIf you are running lighttpd, execute this command:\r\n\r\n[code=bash]nano /etc/php5/cgi/php.ini[/code]\r\n\r\nThen, press CTRL+W and type \"sendmail_path\". Press Enter. You'll be at the line we want to edit.\r\n\r\nReplace this line with:\r\n\r\n[code=bash]sendmail_path = /usr/bin/sendmail -t -i[/code]\r\n\r\n\r\nLet's restart your server to finalize our configuration. B)\r\n\r\nIf you are running Apache2, execute this command:\r\n\r\n[code=bash]/etc/init.d/apache2 restart[/code]\r\n\r\nIf you are running lighttpd, execute this command:\r\n\r\n[code=bash]/etc/init.d/lighttpd restart[/code]\r\n\r\n\r\nLucky you are! Now your server can send mails from anywhere (but I think you mostly need it for PHP, eh?). 3:)", "date": "2014-01-05T07:27:22", "user": 7, "tutorial": 3}}, {"pk": 2, "model": "tutorial.content", "fields": {"body": "[i]Your Django website is now in production, hopefully it works great. When things are becoming south and some users start to get 500 errors, you change your settings so that Django auto-emails you the error traces. So far so good.[/i]\r\n\r\n[b]Have you ever wondered about the volume of emails you may get in your inbox in case your website receives a lot of traffic that generates a lot of server errors?[/b] How can you avoid getting a thousand times the same error trace, and maybe missing some less-proficient errors while sorting your mail?\r\n\r\n[b]Are you using GitLab to manage your project and address your issues?[/b] If you do, the following will make your life easier and save your time doing meaningless email sorting and manual issues creation and assignments.\r\n\r\n[b]Well, that's what [url=https://github.com/valeriansaliou/django-gitlab-logging]Django GitLab Logging[/url] (django-gitlab-logging) is made for.[/b] Auto-open GitLab issues when the production server (or whatever) encounters 500 errors. Plus, smartly detect similar errors to avoid duplicating related issues.\r\n\r\n[info]This tutorial is about a technology that we, the folks behind Waaave, have engineered to simplify our life. Everytime you encounter a 500 error on our website, the technology described below is used![/info]\r\n\r\nLet's setup this on the top of our Django application stack. ;)\r\n\r\n[steps]\r\n    [step=1]\r\n[h2]Install Django GitLab Logging[/h2]\r\nIn a terminal, execute the following command:\r\n[code=bash]pip install django-gitlab-logging[/code]\r\nAlternatively, if the package is not available on PyPi anymore, you can fetch it from GitHub:\r\n[code=bash]pip install git+https://github.com/valeriansaliou/django-gitlab-logging[/code]\r\n    [/step]\r\n\r\n    [step=2]\r\n[h2]Enable Django GitLab Logging[/h2]\r\nOpen your settings.py file from your Django website.\r\nThen, add gitlab_logging to your [i]INSTALLED_APPS[/i]:\r\n[code=python]INSTALLED_APPS = (\r\n    # (...)\r\n    'gitlab_logging',\r\n)[/code]\r\n    [/step]\r\n\r\n    [step=3]\r\n[h2]Configure Django GitLab Logging[/h2]\r\nDrop those lines of configuration in your settings.py (at the end, the order has no importance):\r\n[code=python]# GitLab options\r\nGITLAB_HOST = 'https://gitlab.server.tld'  # Beware: no trailing slash there!\r\nGITLAB_USER = 'gitlab.user'\r\nGITLAB_TOKEN = 'USER_GITLAB_TOKEN'         # Get this from GitLab user account information\r\nGITLAB_PROJECT_ID = 114                    # Get the project ID from the DB\r\nGITLAB_ASSIGNEE_ID = 2                     # Get the assignee ID from the DB (optional, you can drop this parameter)[/code]\r\nNow, take care of filling those settings. Here's a little more help about each option:\r\n[ul]\r\n    [*] [b]GITLAB_HOST[/b]: the GitLab protocol + host (e.g: https://code.hakuma.holdings)\r\n    [*] [b]GITLAB_USER[/b]: the GitLab user that will automatically report issues (we recommend to create a dedicated user, to be seen as a bot)\r\n    [*] [b]GITLAB_TOKEN[/b]: the login token associed to the GitLab user in use, you can get this from the user account page\r\n    [*] [b]GITLAB_PROJECT_ID[/b]: the project ID to report issues to. Have a look to the [i]projects[/i] database table to grep the project ID (must be a number)\r\n    [*] [b]GITLAB_ASSIGNEE_ID[/b]: the user ID to be assigned to every issue that is created (you can remove this option if you don't want to set an automatic assignee)\r\n[/ul]\r\n[warning]Beware! The GitLab URL defined in GITLAB_HOST must not contain the trailing slash! https://code.hakuma.holdings is valid, https://code.hakuma.holdings/ is invalid.[/warning]\r\n    [/step]\r\n\r\n    [step=4]\r\n[h2]Setup Celery[/h2]\r\nDjango GitLab Logger requires Celery to be up and running as part of your Django stack. For those who don't know, Celery is a task runner, which allows you to delay tasks so that they are ran asynchronously, without blocking your main Django server thread during the task execution time.\r\nIf you don't have Celery installed, I recommend that you Google how to setup it (unless someone on Waaave write anything about how to setup it!) :p\r\n    [/step]\r\n\r\n    [step=5]\r\n[h2]Update your database[/h2]\r\nDjango GitLab Logger makes a good use of the database to log issues that have been submitted to GitLab, so that it does not create more than enough similar issues.\r\nHere we just need to synchronize our database:\r\n[code=bash]./manage.py syncdb[/code]\r\nIf you are using migrations with South, execute this:\r\n[code=bash]./manage.py migrate django_logger[/code]\r\n    [/step]\r\n\r\n    [step=6]\r\n[h2]Activate the GitLab log handler[/h2]\r\nWe're nearly done! Now we just need to enable the custom logger that we have installed and configured.\r\nIn your settings.py, find the [i]LOGGING[/i] option, and add those dict items to the [i]handlers[/i] and [i]loggers[/i] keys:\r\n[code=python]LOGGING = {\r\n    # (...)\r\n    'handlers': {\r\n        # (...)\r\n        'gitlab_issues': {\r\n            'level': 'ERROR',\r\n            'class': 'gitlab_logging.handlers.GitlabIssuesHandler',\r\n        },\r\n    },\r\n    'loggers': {\r\n        'django.request': {\r\n            'handlers': ['django_file', 'gitlab_issues'],\r\n            'level': 'ERROR',\r\n            'propagate': True,\r\n        },\r\n        # (...)\r\n    }\r\n}][/code]\r\nOf course, depending on your logging configuration, you will need to adapt the example above. :J\r\n    [/step]\r\n[/steps]\r\n\r\n[b]Your Django website is now ready for error reporting![/b] Try to generate some 500 errors in your code, and observe how fast issues come to your GitLab project page!\r\n\r\n[danger]If things don't appear to work as expected, always check the logs: either Celery logs or Django logs.[/danger]\r\n\r\n[u]If you have any question, feel free to comment and ask them. ;)[/u]\r\n\r\nHope I made your day better! :D", "date": "2014-01-05T07:28:38", "user": 7, "tutorial": 4}}, {"pk": 3, "model": "tutorial.content", "fields": {"body": "Every good development process [b]consider separating the workflow in environments[/b] (settings, pieces of code and so forth). The main issue with Django is that it does not provide a way to manage environments [b]out-of-the-box[/b].\r\n\r\n[b]At Waaave, we are using those techniques to optimize our workflow[/b]. Yes, we are also using Django, hence this tutorial :)\r\n\r\n[info]If you come from the Ruby On Rails or NodeJS world, you might be used to such ways to organize your projects. We'll keep similar conventions there.[/info]\r\n\r\n[h1]What Are Environments?[/h1]\r\n\r\n[h2]The Story[/h2]\r\n\r\nLet's consider you have a team of happy folks working on both frontend and backend code of your website, all from their local computers. [b]They might all share the same settings, but for different system settings[/b].\r\n\r\nThen, they push their code to a staging server that simulates production, just in case last-minute bugs are discovered. [b]The system and project settings might vary depending on this testing platform[/b]. By the way, a CI (Continuous Integration) system run the tests they wrote for their code as soon as something is pushed on their Git repository.\r\n\r\nFinally, they deploy their code to their remote production server, [b]which may also have different system settings[/b].\r\n\r\n[h2]Let's Get To The Point[/h2]\r\n\r\nMhh, so... potentially we have [b]4 different environments[/b]. Here are the ones that we can generally see across all projects organized in environments:\r\n\r\n[ul]\r\n    [*] [b]Development[/b] - Used by the developer on his local machine (e.g: his MacBook)\r\n    [*] [b]Testing[/b] - Used by the Continuous Integration system to run tests on the code (e.g: a runner on a dedicated server)\r\n    [*] [b]Staging[/b] - Used by the staging server for pre-production testings (e.g: a dedicated server imitating the production system)\r\n    [*] [b]Production[/b] - Used by the production server for final website serving (e.g: a cloud server accessed by end-users)\r\n[/ul]\r\n\r\nNow, [b]how do we separate Django in such environments[/b]? Well this is the topic of the next part. ;)\r\n\r\n[h1]Use Environments With Django[/h1]\r\n\r\n[h2]Setup Git Branches[/h2]\r\n\r\n[i]This part is if you are using Git (or any other versioning system).[/i]\r\n\r\nFirst of all, [b]we recommend that you separate your code[/b] for the development, staging and production environments [b]in branches[/b]. This way we can break things up in development branch and avoid affecting the stable branches that are staging and production. Thus, in case the sysadmin pull latest changes on production, he won't get your broken code until you explicitly merge it to the production branch. --'\r\n\r\nWe don't need a branch of the testing system (CI) since it's just there to check the consistency of our code. It'll basically test the code on the 3 remaining branches that are:\r\n\r\n[ul]\r\n    [*] [b]master[/b] - Used in development environment\r\n    [*] [b]staging[/b] - Used in staging environment\r\n    [*] [b]production[/b] - Used in production environment\r\n[/ul]\r\n\r\n[info]Since Git typically require a master branch to exist as the main - parent - branch, we don't create a \"development\" branch. The development code rather uses the \"master\" branch[/info]\r\n\r\n[u]Here's how to create all the Git branches:[/u]\r\n\r\n[code=bash]git checkout -b staging\r\ngit checkout -b production[/code]\r\n\r\n[u]We push them to the remote Git server:[/u]\r\n\r\n[code=bash]git push origin staging\r\ngit push origin production[/code]\r\n\r\n[u]And then merge our changes:[/u]\r\n\r\n[code=bash]git checkout master\r\ngit merge staging\r\ngit checkout staging\r\ngit merge production[/code]\r\n\r\n[h2]Separate Django Settings[/h2]\r\n\r\nNow that our Git repository is optimized for using environments, the last step is to [b]associate a settings file for every environment that we have[/b].\r\n\r\n[steps]\r\n    [step=1]\r\n[h2]Create the settings directory[/h2]\r\nSince we will store multiple configuration files, we need to put them in a directory.\r\n[b]Create the settings directory first[/b] (in the same folder where your other Django apps live):\r\n[code=bash]mkdir settings[/code]\r\n    [/step]\r\n\r\n    [step=2]\r\n[h2]Move & rename settings.py[/h2]\r\nOur old settings.py will now be used to save the common Django settings. Those settings will be shared across all environments.\r\n[u]So let's rename it:[/u]\r\n[code=bash]mv settings.py settings/common.py[/code]\r\n    [/step]\r\n\r\n    [step=3]\r\n[h2]Initialize the settings[/h2]\r\nNow, we need to [b]initialize the settings files as well as the reader[/b] that will extract our environment name and then open the correct file to be read:\r\n[code=bash]touch settings/__init__.py\r\ntouch settings/development.py\r\ntouch settings/testing.py\r\ntouch settings/staging.py\r\ntouch settings/production.py[/code]\r\nOpen the \"__init__.py\" file that we created and drop the code below in it:\r\n[code=python]import os\r\nfrom common import *\r\n\r\ntry:\r\n    import environment\r\nexcept ImportError:\r\n    pass\r\n\r\nENVIRONMENT = os.getenv(\"DJANGO_ENVIRONMENT\") or \"development\"\r\n\r\nif ENVIRONMENT == \"production\":\r\n    from production import *\r\nelif ENVIRONMENT == \"staging\":\r\n    from staging import *\r\nelif ENVIRONMENT == \"testing\":\r\n    from testing import *\r\nelse:\r\n    from development import *\r\n\r\ntry:\r\n    from local import *\r\nexcept ImportError:\r\n    pass[/code]\r\n    [/step]\r\n\r\n    [step=4]\r\n[h2]Create local settings[/h2]\r\nYou may need to define custom settings, that you don't want to share with your co-workers. Plus, we need to tell Django which environment we are working in locally. :)\r\n\r\n[u]Execute the following commands:[/u]\r\n[code=bash]touch settings/environment.py\r\ntouch settings/local.py[/code]\r\n[warning]Make sure to add those files to your Git ignore file (.gitignore), as we don't want them to be versioned and then pushed on the remote Git repository.[/warning]\r\n    [/step]\r\n\r\n    [step=5]\r\n[h2]Define our environment[/h2]\r\nThen, [b]tell Django what your environment is[/b].\r\n\r\nOpen \"local.py\" and drop the following Python code:\r\n[code=python]import os\r\nos.environ[\"DJANGO_ENVIRONMENT\"] = \"development\"[/code]\r\n\r\n[info]Take care of changing the \"development\" value to your environment name, all low caps.[/info]\r\n    [/step]\r\n\r\n    [step=6]\r\n[h2]Load our new settings[/h2]\r\nLast step is to [b]tell Django where our new settings reside[/b].\r\n\r\nOpen both \"wsgi.py\" and \"manage.py\", find the line of code about settings loading and ensure it is:\r\n[code=python]os.environ.setdefault(\"DJANGO_SETTINGS_MODULE\", \"settings\")[/code]\r\nNow you can restart your Django server and check if it is working.\r\n\r\n[info]If something is wrong, Django will let you know. I assume the error messages are generally explicit enough so that you fix them ;)[/info]\r\n    [/step]\r\n[/steps]\r\n\r\nAll done! [i]Now, it is your turn to play with environments and move the settings you need to separate in the appropriate environment files![/i] 3:)", "date": "2014-01-05T07:28:53", "user": 7, "tutorial": 5}}]